__index_level_0__,answers,context,document_id,question,title
2573,"{'answer_start': [443], 'text': ['존 칼로스']}","특히 1967년 5월 2일 캘리포니아 주 의사당이 휴이 뉴턴의 체포에 항의한 이후 정당에 대한 인식은 계속해서 번성했습니다. 1968년 2월 17일 오클랜드 공회당에서 휴이를 위한 대규모 집회가 열렸다. 이 사건 이후 회원 수가 늘었다. 새로운 회원들은 6주간의 훈련 프로그램과 마오쩌둥의 인용문에 나오는 주제가 포함된 정치 훈련 수업에 참석해야 했습니다. \n멤버들은 폭력에 맞서 총을 들고 스스로를 방어할 수 있는 힘을 얻었습니다. 많은 대학생들이 이 그룹에 합류했으며 일부 회원은 Black Panther의 사회 프로그램을 지원하는 데 관심이 있었고 다른 회원은 거리의 정신을 유지하기를 원했습니다. 많은 Black Panthers에게 그룹은 약간 더 갱 유형이었습니다. \n\n블랙 팬서당의 슬로건과 아이콘이 퍼졌습니다.  1968년 멕시코시티 올림픽때 메달 시상식에서 토미 스미스와 존 칼로스가 블랙 파워 슬로건을 보이자, 이 행위로 국제 올림픽 위원회는 이들을 추방시켰다. Jane Fonda와 같은 할리우드 유명인사는 좌익 프로그램과 관련이 있습니다. Jane Fonda는 1970년대 초 Huey Newton과 Black Panthers를 공개적으로 지지했습니다. Black Panthers는 좌익 혁명가와 정치 활동가를 널리 끌어들였습니다.",mrc-0-003923,국제 올림픽 위원회로부터 토미 스미스와 함께 쫓겨난 인물은?,흑표당
1589,"{'answer_start': [140], 'text': ['오딘']}","Siggeir는 북유럽 신화의 볼송 왕조에 등장하는 고탈란드의 왕 캐릭터입니다. \n\n《볼성 일족의 사가》에 따르면, Sigeir는 Bolsung 왕의 딸이자 Sigmund의 누이인 Signu와 결혼했습니다.  결혼식 연회 날 망토와 후드로 변장한 오딘이 나타나 브란스톡(Branstock) 나무에 검을 꽂았다. 그리고 오딘은 이 검을 뽑는 자가 검의 주인이 될 것이라고 말했다. Sigeir를 포함한 모든 사람들이 번갈아 가며 검을 뽑으려했지만 Sigmund만이 성공했습니다. Siggeir는 Sigmund에게 칼을 줄 수 있는지 세 번이나 요청했지만 Sigmund는 거절했습니다. Shigeir는 복수심을 품고 다음날 집으로 향했습니다. \n\nSiggeir는 Sigmund, Bolsung 왕 및 Sigmund의 9명의 형제를 3개월 후 신혼 부부를 보기 위해 Gotaland를 방문하도록 초대했습니다. Bolsung 일족이 도착하자 Git 전사들이 그들을 공격하여 Bolsung 왕을 죽이고 왕자들을 포로로 잡았습니다. \n\n시그누는 남편에게 형제들을 죽이지 말고 감옥에 넣어달라고 애원했습니다. Sigeir는 고문과 죽음의 의도로 Sigmund 형제의 요청을 수락했습니다. \n\nSigeir는 늑대 인간 어머니에게 매일 밤 지그문트 형제 한 명을 먹게 했고 결국 지그문트만 남았습니다. 시그누는 그의 하인에게 지그문트의 얼굴에 꿀을 바르게 했고, 그날 밤 늑대는 꿀 냄새를 맡고 지그문트의 얼굴을 핥았습니다. 그러다가 늑대의 혀가 지그문트의 입에 들어갔을 때 지그문트는 혀를 깨물어 잘라 늑대를 죽였다. 그리고 Sigmund는 Gotaland의 숲에 숨어 있었고 Signu는 그에게 필수품을주었습니다. \n\nSignu는 Sigeir 사이에 두 아들이 있었습니다. 맏이가 10살이 되었을 때, 시그누는 아이를 지그문트로 데려가 볼성 일족에 대한 복수를 하도록 훈련시키라고 말했습니다. 그러나 아이가 능력이 부족했을 때, 시그누는 지그문트에게 소용없으니 그를 죽이라고 말했다. 두 번째 아이도 죽었습니다. \n\n결국 시그누는 변장을 하고 형과 근친상간을 하여 신표틀리를 낳았다. Sigeir는 Sigmund와 Sinpyotli에 의해 살해됩니다.",mrc-0-002428,브란스톡 나무의 검을 뽑는 자가 검의 주인이 될 것이라 말한 인물은?,시게이르
2980,"{'answer_start': [94], 'text': ['20km']}","Hermann Hort는 만반의 준비를 갖추고 있었습니다. Horts는 12월 12일에 6기갑사단을 선봉에 두고 진격을 시작했습니다.  호트 장갑부대는 2일 동안 하루 20km의 속도로 진격했다. 소련군의 저항은 미미했지만 헛되이 보기 쉬운 지형을 잘 활용했다. 초원은 평평해 보이지만 실제로는 협곡이 거미줄처럼 펼쳐져 눈 아래 숨겨져 있습니다. 움푹 파인 곳에 숨어 기다리고 있던 소련 보병이 협곡에서 나타나 독일 전차를 공격했다. \n \n진격 이틀째, 호르트는 폭 20미터의 악사이 강에 도착했다. 여기에서 그들은 파울루스 군대에 보급품을 나르는 800대의 트럭을 기다렸습니다. 그 후 탱크는 Mishikova 강을 향해 전진했습니다. 이것이 바울의 진영으로 가는 길에 극복해야 할 마지막 자연적인 장애물이었습니다. \n6기갑사단의 선두부대는 미시코바강에서 왼쪽으로 24km 떨어진 지점에서 소련 증원군과 만나 소련 전차 300대와 싸웠다. 여기에서 독일군은 뛰어난 포병 기술을 보여 32대의 소련 T-34 탱크를 파괴했습니다. 그러나 독일군이 미시코바 강에 접근함에 따라 소련군 탱크와 보병의 움직임이 더욱 활발해졌습니다. 한편, 독일의 선두 기갑부대는 피로와 탄약 부족으로 진격을 중단했다. 그러다가 몇 분 후 기갑부대의 Hunersdolph 대령이 전차를 타고 달려오더니 ""이게 자네를 향한 공격이냐? 오늘은 부끄럽다. ""라며 부하들을 꾸짖고 격려했다. \n\n6기갑사단은 다시 힘차게 진격하여 우회하여 미시코바 강으로 향했다. 12월 19일, 제6기갑사단은 강에 도착했고 다음 날 헤르만 호르트는 에리히 폰 만슈타인에게 제6군을 향한 마지막 돌격을 시작할 준비가 되었다고 보고했다. 남은 일은 파울루스가 겨울 폭풍 작전(소련 포위망 돌파)에서 자신의 역할을 수행하는 것뿐이었습니다. 문제는 바로 여기에 있었다.",mrc-0-004564,12월 12일에 호트군의 선봉이었던 사단의 하루 이동 거리는?,겨울 폭풍 작전
2990,"{'answer_start': [52], 'text': ['프리츠']}","시조 위미르가 한 불가사의의 신비목 안쪽에 있는 물웅덩이에서 강력한 태초의 거인의 힘을 얻고 프리츠를 따라 엘디아 제국을 건설한 후 죽었을 때 그의 육신은 프리츠의 포악한 조치오 세 딸들 마리아, 로제, 시나에게 먹혀진다. 세 딸에 의한 세 거인의 분리를 시작으로 아후의 자손들에게 전해져 아홉 종류의 거인으로 나뉜다. 그리고 그때부터 ""아홉 거인의 후계자는 조상 이미르를 능가할 수 없다. ""는 규칙이 정해지며 어떤 저주가 된다. 이미르 족의 유전자를 가진 이미르 족의 인간이 비무장 거인으로 변해 이미르의 본래 거인 중 하나인 아홉 거인을 먹고 인간으로 돌아간다면 거인이 되는 힘을 얻게 되지만, 그것과 관련된 위험에, 그들은 13년 이상 살 수 있습니다. 당신에게는 한계가 없는 삶이 주어졌습니다. 이야기 속 인물들은 이 현상을 창시자 이미르가 죽기 직전 후계자들에게 내려진 저주로 보고 '유미르의 저주'라고 부른다. 그리고 아홉 거인의 후계자가 된 시점부터 13년 후 사망할 때까지의 기간을 '재임기간'이라고 합니다. \n\n'시조 이미르의 피'를 계승한 이미르의 사람들(원래 거인의 초대 후계자, 마리아 프리츠, 로즈 프리츠, 시나 프리츠와 그 후손들)이 아홉 거인을 먹으면, 좌표의 세계는 그대로 쪼개지고 새로운 후계자가 탄생한다. 그러나 어째서인지 아홉 거인을 한 번 상속하면 수명은 고작 13년에 불과하다. 거인의 힘을 전문으로 하는 공식 연구단체인 거대화학협회조차 원인을 규명하지 못하고 있으며, 대중은 창시자 이미르가 거인에 대한 원망과 분노로 후손들에게 남긴 저주로 보고 있다. 프리츠. 설립자 이미르 자신이 주도했는지는 확실하지 않습니다.",mrc-0-004578,위미르와 함께 엘디아 제국을 세운 사람은?,위미르의 저주
1058,"{'answer_start': [238], 'text': ['전차 기동력 감소']}","탱크는 기본적으로 자체 갑옷을 사용하여 자신을 방어합니다. 제2차 세계대전 이후 탱크의 장갑 두께는 계속 증가했고, 초범죄 장갑, 반응장갑, 우주장갑 등 탱크 자체와 탱크 본체 외벽에 탈착식으로 장착할 수 있는 장갑이 개발하여 실무에 적용하고 있습니다. 그러나 21세기에 들어 이러한 장갑은 한계를 드러냈습니다.  장갑 두께가 계속 무거워지는 반면에 대전차미사일 체계의 관통력은 장갑을 상회하기에 이르렀고 무게의 증가로 인한 전차 기동력 감소 또한 심각한 수준이 되었다. 미국 M-1 에이브람스 전차의 경우 거의 70톤에 가까운 무게를 자랑한다. 이러한 중량 증가는 순항 거리 감소 및 전투 중 기동성 감소와 같은 여러 문제를 야기했습니다. 특히, 시가전과 같이 좁고 장애물이 많은 지역에서 탱크는 대전차 미사일을 장착한 적 탱크와 보병의 매복에 취약합니다. \n\n가장 크고 심각한 위험은 러-체첸 전쟁 당시 체첸 공화국의 수도 그로즈니에서 벌어진 시가전이었습니다. 이 전투에서 러시아군은 자체 대전차 로켓인 RPG-7로 무장한 체첸 반군에게 매복을 당했고 탱크 여단 1개 여단이 전멸했다. 이에 자극을 받아 러시아가 먼저 능동방어체계를 개발하고 투기장 능동방어체계를 개발했고, 1980년대 이후 대부분의 전투를 치러온 이스라엘도 이에 자극을 받아 트로피 능동방어체계를 개발했다. \n\n또한 냉전 종식 후 대평원에서의 탱크전 가능성은 사라졌지만, 지역 분쟁에서 평화 유지 작전에 참여할 가능성이 높은 다른 유럽 국가들도 이 시스템을 개발하기 시작했습니다. 탱크 생존성을 향상시킵니다. 이라크에 주둔한 미군은 러시아가 체첸에서 비슷한 상황을 겪고 있어 이 시스템에 주목하고 있으며, 한국의 차기 탱크인 XK-2 프로젝트에 채용될 수 있도록 연구개발 중이다.",mrc-0-001622,장갑 두께가 두꺼워질수록 무게 증가로 오는 문제는?,능동방어시스템
943,"{'answer_start': [131], 'text': ['잡귀']}","석장승은 국보 제305호 세병관으로 올라가는 길 오른쪽에 있다. 장승이라는 이름은 지역에 따라 다르게 전해지고 있는데 여기서는 '북수'라고 부른다.  장승은 민간신앙의 한 형태로 마을이나 사찰 입구 등에 세워져 경계를 나타내기도 하고 잡귀 출입을 막는 수호신 역할도 한다. 남녀가 짝을 지어 서 있는 것이 일반적이지만 이 장승만이 서 있다. 이 일대의 위치는 사방이 산으로 둘러싸인 낮은 지역으로, 마을의 정력을 강화하고 평화를 기원하기 위한 의도로 지어졌다. \n\n이마에 주름이 깊고, 동그란 눈이 돌출되어 있고, 코가 삼각형이고 뭉툭하다. 머리에는 붕거를 하고 턱 아래에는 굵은 수염 세 개를 드러냈다. 웃는 입에서 긴 송곳니가 튀어나와 있어 암담한 모습보다 유머러스하다. 백수의 앞면에는 '土地大將'라는 글자가 새겨져 있다. 뒷면에는 '광무 텐년병 오팔문일동낙동입'이라는 글자가 새겨져 있어 이 북수가 고종 10년(1906)에 창건되었음을 알 수 있다. \n\n이 장승은 비록 거칠어 보여도 친근하고 유머러스하며 민담의 독특한 조형미를 보여주며 희귀한 유일승이라는 점에서 그 가치가 높다.",mrc-1-001447,장승은 무엇이 들어오는 것을 막나?,통영 문화동 벅수
2569,"{'answer_start': [263], 'text': ['인도-유럽어권']}","기원전 10세기경 이탈리아 반도 중부에 정착한 다양한 부족들은 약 2~300년 동안 서로 교류하거나 전쟁을 하고 융합과 망명을 반복했다. 고대 로마 문명의 초기 역사는 이 시기부터 시작됩니다. \n\n8세기경에 Latium은 Latium에 거주하고 정착했습니다. 이 땅은 티베리스 강 남쪽 이탈리아 중부의 서해안에 위치하고 있으며 물이 풍부하고 비옥한 평야였습니다.  이들은 후기 청동기 시대와 초기 철기 시대에 인도-유럽어 족이 이탈리아 전역에 흩어질 때 형성된 일개 인도-유럽어권 집단이었다. 그들은 농사를 짓고 목축을 하고 조잡한 손으로 짠 옷을 입고 손으로 만든 조잡한 토기를 입고 생계를 꾸렸을 것입니다. 그들의 집은 화로와 대문이 있는 둥근 나무 오두막집이었습니다. 몇몇 보석과 청동이나 철 도구를 제외하고는 해외에서 수입된 적이 거의 없는 것 같습니다. \n\n고대 로마 역사가들은 기원전 753년에 로물루스가 로마를 건설했다고 기록합니다. 그러나 로마에 기원을 둔 전설의 대부분은 비역사적 허구이므로 지리학적 또는 고고학적 증거를 통해 검증할 필요가 있다. 기원전 750년경에는 팔라티노 언덕을 포함하여 로마의 여러 ​​언덕에 시골 마을이 세워졌으며, 각 언덕에는 고유한 방언과 관습이 있었던 것으로 보입니다. \n\n이탈리아 사람들의 대다수는 비교적 미개한 사람들이었고 복잡한 문명의 발전에 지대한 영향을 미친 두 집단이 있습니다. 하나는 라티움에서 티베르를 건너 에트루리아에 정착한 에트루리아인들이었고, 다른 하나는 기원전 8세기 중반 이탈리아 남부와 시칠리아(Magna Graecia)에 정착한 그리스인들이었다. 그들은 나중에 이탈리아를 통합할 도시인 로마의 발전에 특히 중요한 사람들이었습니다.",mrc-0-003913,라티움인이 사용하는 언어의 종류는?,고대 로마
1362,"{'answer_start': [372], 'text': ['유성생식']}","새로운 세대의 자손은 부모로부터 유전적 특성을 물려받습니다. 유전적 특성에는 홍채, 피부, 모발의 색과 같은 것, 혈액형과 같은 특성, 혈우병과 같은 유전 질환이 포함됩니다. \n\n생물의 유전 정보를 담고 있는 것은 DNA입니다. 원핵 생물은 별도의 세포 핵이 없으므로 DNA는 세포질에 부유하는 반면 진핵 생물은 세포 핵 내의 염색체에 DNA가 있습니다. 바이러스의 경우 때때로 RNA가 DNA를 대신합니다. \n\n세포 분열 과정에서 생물은 DNA를 복제하고 유전 정보를 자손에게 전달합니다. 유기체가 다음 세대로 번식하는 번식에는 성별을 가리지 않는 무성생식과 수컷과 암컷이 구별되는 유성생식이 있다.  무성생식은 체세포의 분열을 통해 유전형질이 전달되며, 유성생식은 암·수 각자의 감수분열에 의해 만들어지는 정자와 난자가 수정되어 새로운 개체로 발생한다. 결국 유전은 번식을 통해 유전적 특성을 전달하는 것입니다. \n\nDNA 복제 과정에서 희귀 돌연변이가 발생하여 자손이 부모의 유전자와 다른 유전자를 갖게 됩니다. 돌연변이는 대립 유전자의 발달과 진화를 담당합니다.",mrc-0-002072,암·수의 유전자를 반반씩 받아 새로운 생명을 만드는 생식은?,유전
381,"{'answer_start': [37], 'text': ['캐시디']}","졸업을 앞둔 18세 고등학생 서터 킬리는 사소한 이유로 여자친구인 캐시디와 헤어진다. 이 때문에 Sutter는 대학 지원에 집중하지 못하고 클럽과 음주에 탐닉합니다. 어느 날 술에 취해 잠이 든 서터는 같은 학교 여학생인 에이미의 집 앞에서 눈을 뜬다. 그녀는 미혼모의 엄격한 통제 아래 매일 아침 신문 배달을 하며 공부하는 아이였습니다. 평소 조용한 생활에 관심이 없었던 서터는 차를 타고 집으로 돌아오면서 가까워진다. \n\n다음 날 학교에서 기하 시험에 떨어질 위기에 처한 서터는 에이미를 만나 과외를 요청한다. Sutter는 Amy를 점점 더 알게 됩니다. Amy는 똑똑하고 공상 과학 만화에 관심이 있으며 술, 파티 또는 데이트와 관계를 맺은 적이 없습니다. Sutter는 Amy를 파티에 데려가 술을 마시라고 말합니다. Sutter는 그녀에게 미혼모 때문에 대학을 갈 생각이 없다고 말하며 그녀의 자신감을 격려하면서 그녀에게 키스를 한다. \n\nSutter는 여전히 전 여자친구 Cassidy에게 집착했고 Amy와 깊게 발전할 생각은 없었습니다. 캐시디도 서터와 헤어지지는 않았지만 미래를 걱정하지 않고 평온한 삶을 사는 데 지쳤다. 에이미의 친구 크리스탈이 에이미를 해치지 말라고 말하자, 서터는 에이미와의 관계에 대해 생각합니다. 저녁 식사를 위해 Sutter의 여동생의 가족과 합류한 Amy는 미래에 대한 희망과 결혼에 대한 낙관적인 꿈에 대해 이야기합니다. 그녀의 처남이 그것을 비웃자, Sutter는 Amy의 꿈을 지원합니다. 두 사람은 곧 함께 섹스를 하고 에이미는 서터로부터 휴대용 와인 병을 받습니다. Amy는 Sutter를 진지하게 받아들이기 시작하고 졸업 후 필라델피아에서 독립적으로 살기를 제안합니다. 그러나 아직 방법을 찾지 못한 서터는 흔쾌히 그 제안을 받아들이지 않는다. \n\n서터는 어렸을 때 이혼한 아버지를 만나고 싶었지만 어머니와 누나는 어째서인지 조용했고 그가 떠난 이유와 사는 곳도 말하지 않았다. Sutter는 여동생이 아버지에게 연락하도록 설득하는 데 성공합니다. Sutter는 Amy를 아버지의 집으로 데려갑니다. 그러나 그의 아버지는 Sutter를 별로 좋아하지 않았고, 그는 새 여자와 살고 있었고 충분한 돈을 벌지 못했습니다. Sutter는 야구장에 가는 것을 잊고 술집에서 술을 마시는 아버지를 보고 돌아선다. 돌아오는 길에 에이미는 어두운 표정의 서터를 위로하기 위해 사랑을 고백하지만, 서터는 그녀가 자신에게 해가 된다고 강력하게 부인한다. 그런 다음 Sutter는 음주 운전의 여파로 탈선합니다. 에이미는 수치심에 차에서 에이미를 내쫓지만, 그 순간 반대편에서 달려오는 차에 치인다. \n\n다행히도 Amy는 크게 다치지 않았으며 그를 비난하지도 않았습니다. 일련의 사건의 충격은 결국 Sutter를 실패하게 만듭니다. 졸업식 날, 서터는 에이미와 함께 술을 마시기를 거부한다. 캐시디는 서터에게 다가가 꿈을 그만두고 남자친구와 함께 캘리포니아로 가기로 결정했다고 말합니다. Sutter가 아르바이트를 하고 있던 재단사의 머리는 Sutter가 술을 마시지 않는다는 조건으로 정규직으로 고용될 것이라고 알립니다. 그렇지 않으면 그는 해고될 것입니다. Sutter는 금주 대신 해고를 수락합니다. 에이미와 에이미가 필라델피아로 떠나기로 결정한 날, 서터는 에이미를 만나러 가지 않고, 에이미는 혼자 필라델피아로 가는 버스를 타기 전에 서터의 전화가 끝날 때까지 기다립니다. \n\n서터는 자신의 실패한 삶을 어머니에게 한탄하고, 어머니는 그녀가 늘 돕는 아이였다고 위로하며 그녀를 위로한다. 서터는 대학 지원서의 빈칸에 자신의 삶의 고난은 자신이며 현재에 안주하는 태도는 잘못된 것이라고 적는다. 얼마 후 서터는 필라델피아로 차를 몰고 그곳에서 대학 캠퍼스를 떠나는 에이미를 만난다. Amy는 Sutter를 보고 즉시 미소를 지었습니다.",mrc-0-000562,서터 킬리가 클럽과 음주에 빠지게 된 계기를 제공한 인물은?,스펙타큘라 나우
353,"{'answer_start': [132], 'text': ['도서해안굿']}","농악은 농부들이 두레를 짜면서 연주하는 음악으로 꽹과리, 징, 장구, 북 등의 타악기를 연주하여 연주하는 음악을 말한다. \n\n전라남도의 농악은 구성, 의복, 음악성에 따라 좌도굿, 우도굿, 서도해안굿으로 크게 나눌 수 있다.  이중 도서해안굿은 남해와 서남해 일대인 고흥군 금산면과 완도, 진도 일대에서 행하여지는 농악으로 길굿이 육지의 것과 다르고 당제를 중심으로 신과 친근성을 지니는 등 좌도·우도 어느 지역권에도 속하지 않는 독자성을 지니고 있다. \n\n고흥 월포농악은 섬 해안굿의 일종으로 임진왜란(1592) 때 군의 사기를 북돋우기 위해 농악을 연주하면서 시작되었다고 전해지지만 확실하지 않다. 농악은 덕석기·농기·농기·영기·쇠·농부·공·장구·북·북구·소고·대포수·양반으로 구성돼 있다. \n\n문굿은 완벽하게 보존되어 있으며, 당나라에 대한 강한 종교적 유대가 특징이며, 다른 지역에서는 볼 수 없는 '농부'라는 소년의 역할이 돋보인다. 현재 고흥월포농악은 최병태에게 연예인으로 인정받고 있다.",mrc-1-000543,전라남도의 농악 중 육지의 것들과는 다른 독자성을 지니고 있는 것은?,고흥월포농악
1555,"{'answer_start': [732], 'text': ['1955년']}","이러한 상황은 서독 사람들과 정치가들이 1940년대 후반과 1950년대 사이에 탈나치화라는 이름으로 ""승자 정의""와 집단적 죄책감(역사가 Norbert Frye에 의해 표현됨)의 개념을 날카롭게 비판하도록 이끌었습니다. 압력을 받고 있는 독일 연방의회는 많은 전범들을 통근시키는 사면을 발표했습니다|날짜=2016년 3월. \n\n정치적 여건 변화도 '청결한 국방군' 이미지 형성에 일조했다. 친위대나 경찰이 자행하는 범죄살인과 달리 전시에 국제법에 따라 전쟁터에서 의병투쟁으로 국방군이 사살됐다는 믿음은 나치 정권하의 범죄에 연루되지 않았다. 제니퍼 포레이(Jennifer Foray)는 2010년 네덜란드 점령기 국방군의 활동에 관한 논문에서 “지난 10년 동안 수행된 연구를 보면 국방군은 정치권과 아무 관련이 없다는 정통 이론이 있다. 지휘관과 병사들이 꼼꼼하게 만들었다는 것. 이것은 환상일 뿐임을 알 수 있습니다. 그들은 전쟁 중과 전쟁 후에 국가 사회주의자들에 대한 이념적 살인으로부터 거리를두기를 원했습니다.” pp=769-770\n\n또한 전직 국방군 장교들이 회고록을 작성하고 병사 연구에 참여하여 이러한 경향을 부추겼습니다. 이 분야의 대표적인 인물은 포로로 잡혀 있던 프란츠 할더(Franz Halder)이다. 그는 미 육군 역사부에서 군사사 연구에 참여했고, 연구에 참여한 다른 독일군 장교들의 저술을 비공식적으로 감독했다. 잘. 전쟁 기록에 독점적으로 접근할 수 있었습니다.  \n\n1955년 10월 7일 소련에 붙잡혀 있던 마지막 전쟁포로가 귀국하자 전직 국방군 및 무장친위대원 600명이 프리틀란트 병영에서 다음과 같은 내용을 공개적으로 선서했고 이는 언론의 관심을 끌게 된다. \n\n\n독일 국민과 사망한 독일 및 소련 군인 앞에서 우리는 살인, 약탈 또는 약탈을 하지 않았음을 맹세합니다. 우리가 타인에게 고통과 슬픔을 준다면 그것은 전시 국제법에 따른 행위였습니다. ",mrc-0-002370,소련에 잡혀 있던 마지막 전쟁 포로가 돌아온 해는 언제인가요?,국방군 무오설
3585,"{'answer_start': [220], 'text': ['태양']}","수리야(Surya)는 힌두교의 태양신 아디티야(Aditya) 중 하나이다. 수리야가 누구의 아들인지에 대해서는 세 가지 설이 있습니다. 첫째, 힌두교의 7대 리시() 중 한 명인 카샤파()와 그의 여러 부인 중 한 명인 아디티()의 아들이라는 설이 있다. 둘째, 신들의 왕 인드라()의 아들이라는 설이 있다. 마지막으로 천신 디아우스의 아들이라는 설이 있다. \n\n""수리야""라는 낱말은 또한 태양을 가리키는 일반 명사로도 사용된다. 수리야는 머리와 팔이 금으로 되어 있습니다. 그는 또한 일곱 마리 또는 일곱 머리 가진 말 한 마리가 이끄는 수레를 타고 하늘을 가로질러 여행합니다. 이때 이 일곱 마리, 즉 일곱 머리를 가진 한 마리는 무지개의 일곱 색 또는 일곱 차크라()를 나타낸다. 수리야는 일요일을 주관하는 신입니다. 그에게는 수리야스트라라는 아스트라가 있습니다. \n\n힌두교 종교 문헌에서 수리야는 특히 인간이 일상적으로 볼 수 있는 가장 높으신 분의 가시적 형태로 언급됩니다. 또한 비슈누와 시바는 수리야를 각각 그들의 최고 신인 시바와 비슈누의 한 측면으로 보는 경우가 많습니다. 예를 들어, 비슈누스는 태양을 ""Surya Narayana""( )라고 부릅니다. Shiva 교리에서 Surya는 Astamurti라고 불리는 Shiva의 8가지 측면 중 하나입니다.",mrc-0-005500,"""수리야""라는 단어가 일반 명사로 활용될 때 사용되는 또 다른 의미는?",수리야
2747,"{'answer_start': [392], 'text': ['뉘마 퓌스텔 드 쿨라주']}","모라시즘은 프랑스의 반혁명가 샤를 모라스가 고안한 이념적 교리로, 악시온-프랑세즈 운동과 밀접한 관련이 있다. 모라시즘은 민주주의, 자유주의, 자본주의를 반대하면서 통일된 민족주의, 군주제, 협동조합주의를 옹호한다. \n\n모라시즘은 프랑스 국가의 결속과 위대함을 확인하는 반혁명적 사상입니다. 모라스에게 있어서 19세기 말 프랑스 사회는 퇴폐와 퇴폐로 특징지어졌다. 이러한 사회적 질병은 프랑스 혁명과 함께 시작되어 Dreyfus Incident라는 발작을 통해 폭발했습니다.  모라스는 철학적으로는 플라톤과 아리스토텔레스부터 단테 알리기에리, 토마스 아퀴나스, 조지프 드 메스트르 백작, 오귀스트 콩트의 영향을 받았고, 역사적으로는 샤를 오귀스탱 생트뵈브부터 이폴리트 텐, 에르네스트 르낭을 거쳐 뉘마 퓌스텔 드 쿨라주의 영향을 받았다. \n\n모라스는 혁명과 낭만주의의 정신이 실패의 원인이며 그것을 생각한 자유주의 세력이 유대인, 개신교, 프리메이슨, 외국인이라고 주장합니다. ~라고 불리는 그들은 프랑스 국민 국가의 일부로 존재할 가치가 없다고 생각한 ""반 프랑스 세력""을 대표했습니다. \n\n그래서 이 현실에 대한 모라스의 해결책은 순서, 이성, 고전으로 요약됩니다. \n* 철학적으로 질서에 대한 열망은 이성에 대한 무조건적인 집착으로 이어졌습니다. \n* 예술적으로 그는 낭만주의의 ""일탈""을 거부하고 고전주의를 옹호했습니다. \n* 정치적으로 정부는 권위에 의해 수립되어야 하고, 프로방스 지역주의자인 모라스는 이 권위가 지역의 자유를 존중해야 한다는 조건을 내걸었다. 모라스에 따르면 이러한 조건을 충족하는 유일한 권위자는 군주입니다. \n\n이 원칙에 따라 모라스는 1896년에 왕당파가 되었습니다. 이러한 정치적 목표를 달성하기 위해 모라스는 다음과 같이 보다 구체적인 정책을 제시한다. \n\n* 먼저 위에서 언급한 연방의 지위를 박탈하고 국익만을 도모(""Only France"")\n* ""실제 국민""으로만 구성된 지역의 자유를 보장함과 동시에 국민의 단결을 유지하기 위해 전체 사람들. 제도를 세우십시오(모라스에게 제도는 군주제였습니다)\n* 도덕적으로 가톨릭 교회의 교도권은 결속을 강화하고 질서를 만듭니다. \n\n모라는 1914년과 1940년 두 차례의 세계 대전 위기 속에서도 민족주의 원칙을 견지했으며, 그로 인해 제1차 세계 대전에서는 조르주 클레망소를, 제2차 세계 대전에서는 필립 페탱을 지지했습니다. \n\n모라스는 젊었을 때 정통 왕당파였고, 그 후 연방주의 공화주의자가 되었고, 1896년에 올리언스가 되었습니다. 오를레앙의 당파적 행위로서 모라는 공화주의 민족주의 프로젝트인 Axion-Française를 왕당파 프로젝트로 변형시키려 했습니다. \n\n반혁명주의, 민족주의, 실증주의의 결합은 1870년 프랑스-프로이센 전쟁의 패배로 인한 도덕적 충격에 의해 가속화되었습니다. 그 결과 모라시즘의 전성기라 할 수 있는 1899년 이후 민족주의 이데올로기에 몰두한 일부 전통주의자들이 주도적인 역할을 하였다. 비모라스틱 민족주의 정치세력에는 자코뱅주의 좌익 민족주의와 가증스러운 보편구원 민족주의가 포함되었지만, 우익 반혁명 정치세력은 1911년에 거의 모두 모라시즘으로 종식되었다. \n\n모라시즘은 1893년 이후로 쇠퇴하고 있던 반혁명주의의 두 번째 물결을 일으켰으며 전통적으로 반혁명적인 지역인 가톨릭 교회와 이전 귀족 사이에 널리 퍼졌습니다. \n\n모라스는 죽기 직전에 천주교로 개종했지만, 그는 평생 동안 불가지론자였습니다. 모라스는 프랑스 사회를 통합하는 요소로서 가톨릭 교회의 사회-역사적 역할을 확인했을 뿐입니다. 모라시즘은 원래 프랑스의 이데올로기로 생각되었지만 그 영향력은 프랑스 국경을 넘어 확장되었습니다. 1910년대와 1920년대에 모라시즘은 프랑스 지식인에게 엄청난 영향을 미쳤고, 1926년 교황에 의해 파문될 때까지 그 영향이 그대로 유지되었습니다. 모라시즘은 비시 프랑스의 민족혁명 개념, 포르투갈의 안토니오 살라자르 정권, 스페인의 프란시스코 프랑코 정권에 이념적 영향을 미쳤다고 여겨진다.",mrc-0-004194,"샤를 오퀴스탱 생트뵈브에서 이폴리트텐, 에르네스트 르낭을 거쳐 모리스에게 역사적 영향력을 준 인물은?",모라스주의
1935,"{'answer_start': [798], 'text': ['구스타프 하이네만 대통령']}","1969년 연정에 합의한 사민당과 자민당의 사회자유연대는 기존의 외교정책에서 벗어나 동유럽 국가들과의 대립 국면을 완화하기 위해 동방정책을 시행하여 동독에 유리한 입장을 취하였다. , 폴란드, 소련. 이 정책은 대내외적으로 논란을 불러일으켰고, 보수 김민륜은 물론 당내 우익세력의 비판도 거셌다. 결국 브란트의 외교정책에 동의하지 않는 자민당의 우익은 연정 탈퇴를 공개적으로 제안했고, 연정 내각은 거듭 고통을 겪었다. 또한, 의석 점유율이 51%에 불과한 브란트의 내각은 다수를 끌어올리는 데 몇 가지 문제가 있었습니다. \n\n결국 우익 자민당 소속인 에리히 멘데 전 대표와 일부 자민당 의원, 사민당의 허버트 허프카 등 연정의 일부 의원들이 김민련에 합류했다. 그들이 떠난 후. 연립 내각은 과반을 잃지는 않았지만 자민당 의원들의 공감을 기대한 자민당은 1972년 4월 27일 브란트 내각을 불신하기로 결의하고 자민당 당수인 라이너 바르첼(Rainer Bartzel)을 임명하려 했다. 총리로. 언론은 브란트 내각에 대한 불신을 표준 사실로 내세웠지만, 투표 결과 김민련 의원 2명의 봉기로 불신임안이 부결됐다. 1997년 동독 정부 슈타지가 김민륜 의원들을 설득해 여러 의원들의 불신임 법안에 반대표를 던진 사실이 폭로됐다. \n\n그 결과 내각은 유지되었지만 브란트의 내각은 의회에서 과반수를 잃은 것처럼 보였기 때문에 심각한 권력 공백을 겪었습니다. 또한 뮌헨 올림픽의 참사로 인해 1973년 총선에서 정부가 집권할 가능성이 낮아졌습니다.  결국 9월 22일에 브란트는 자신에 대한 국민들의 신임을 묻겠다는 이유로 구스타프 하이네만 대통령에게 의회를 해산하고 조기 총선을 시행할 것을 건의하였으며, 따라서 전후 처음으로 조기에 의회가 해산된 후 11월 19일에 총선이 치러지게 되었다. \n\n선거 기간 동안 Rainer Bartzel이 이끄는 민주당원은 지난 3년 동안 Brandt의 경제 및 외교 정책에 반대하는 선거 운동을 했습니다. 그러나 불신임 결의가 부결되면서 김민륜은 당내 분열을 일으켰다. 한편 브란트는 1971년 노벨 평화상을 기반으로 동방정책의 실효성을 선전했다. 또한 사민당과 자민당은 브란트의 개인 인기를 이용해 선거를 인물 대결로 만들었다. 한편으로 Brandt는 선거 운동 기간 동안 작가들의 지지를 얻었으며, 특히 Tin Book의 저자인 Günter Grass가 두드러졌습니다. 브란트를 지지한 작가들은 ""빌리에게 투표하라!""라고 말했다. 선거 슬로건(Willy wählen!)을 설정한 후 직접 선거 운동을 시작했습니다.",mrc-0-002941,브란트가 내각의 해산을 제안한 인물은?,1972년 독일 연방의회 선거
2649,"{'answer_start': [607], 'text': ['글래스 파이트']}","텍사스 혁명 1830-1832년에 멕시코 의회는 Coahuila Tejas 주에서 영국 이민자를 차별하는 일련의 법률을 통과시켰습니다. \n\n1835년 9월 텍사스로 돌아온 후 스티븐 오스틴은 텍사스 증원군 사령관으로 선출되었습니다. James Boyd는 루이지애나에서 온 친구들과 함께 군대에 합류하여 음모를 꾸몄고 Steven Austin은 즉시 James Boyd를 대령으로 임명했습니다. 텍사스 정규군의 사령관인 스티븐 오스틴과 샘 휴스턴 장군의 명령에 따라 제임스 보이와 제임스 패닌 대위는 벡사 남쪽을 순찰했다. 10월 28일, 300명의 기병과 100명의 보병으로 구성된 멕시코군이 Jessims Boy에서 Jessims Boy와 92명의 기병을 공격했습니다. 짧은 교전 후 제임스 보이드 남성 1명이 사망하고 멕시코인 16명이 사망하고 16명이 부상당했습니다. \n\n이번 전투가 끝난 후 Jessims Boy는 필요하다면 전투에 자유롭게 참여할 수 있었지만 공식 명령에는 무관심했고, 종종 직무를 사임하는 무책임한 태도를 보였다.  군대에서 잠시 떠났다가 11월말 복귀하여 기병대 40명과 멕시코군이 방비하는 주둔지에 음식을 나르는 열차를 기습 점거에 성공한 습격은 글래스 파이트로 알려져 있다.",mrc-0-004044,멕시코군의 요새에 식량을 조달하는 기차가 기습 공격당한 사건은 무엇인가?,제임스 보이
1470,"{'answer_start': [276], 'text': ['섬모구']}","다형체(多毛類)는 다모강에 속하는 환상동물의 총칭이다. 신체 부위에 발달된 측면 각과 강모가 있는 복잡한 모양을 보여줍니다. 생활 방식은 진흙에서 생활하기, 수영하기, 떠 다니기, 앉아서 생활하기 등 매우 다양합니다. 현재 갯지렁이, 갯지렁이, 검은 갯지렁이, 긴 갯지렁이, 갈고리 벌레, 꽃 벌레 등 약 5,300종이 알려져 있습니다. \n\n몸은 길고 가늘며 많은 마디로 이루어져 있다.  몸 안의 마디마디는 격막으로 구분되어 있으며 외형이 잘 분화되어 머리에는 촉수, 눈, 냄새를 느끼는 섬모구, 먹이를 취하는 실 모양의 감촉사 등이 종류에 따라 각기 발달하여 있다. 한편, 분절의 수는 성장기에 따라 다르지만 성인이 되면 거의 일정해진다. 각 세그먼트의 양쪽에는 측지와 강모의 유형에 따라 다른 강모 묶음이 있는 보행 측 정극이 있습니다. \n\n소화관은 입에서 인두, 식도, 내장, 항문까지 발달된 시스템을 나타냅니다. 혈관계는 발달된 폐색성 혈관계이며 혈액에는 헤모글로빈이 포함되어 있습니다. 그러나 혈관이 없는 종에서는 체강액에 포함된 헤모글로빈이 몸을 순환하면서 혈액의 역할을 대신합니다. \n\n다모류에서는 무성 생식과 유성 생식이 모두 알려져 있습니다. 유성 생식은 번식을 위해 물에서 수영하는 남성과 여성의 개인이나 다른 개체에 알 주머니를 부착하는 것과 같은 다양한 형태를 나타냅니다.",mrc-0-002234,다모류가 냄새를 인식하는 부위는 무엇인가?,다모류
332,"{'answer_start': [13], 'text': ['플루타르크']}","고대 그리스의 역사학자 플루타르크에 따르면 약 2,500년 전 그리스 지역의 옛 나라인 스파르타에서는 전쟁터에 나가있는 군대에 비밀메시지를 전할 때 암호를 사용했다. 그들의 암호는 너무 단순해서 민간인도 오랜 세월이 지난 오늘날의 관점에서 보면 금세 알아볼 수 있습니다. 그러나 당시에는 누구도 쉽게 암호문을 열 수 없는 매우 영리하고 혁신적인 방법이었습니다. 이때 사용한 암호화 방식을 Scytale 암호화라고 하며, 당시 전장에서 아래와 같은 방식으로 암호화하였다. \n\n# 전쟁에 나가는 군대와 본국에 남아있는 정부는 각각 Scytale이라는 원통형 막대기를 공유합니다. \n# 비밀리에 보낼 메시지가 있으면 내무부 암호담당관이 얇은 양피지 리본을 스키테일에 위에서 아래로 감싼 후 옆에 메시지를 적는다. \n# 리본을 풀고 펼치면 메시지의 내용을 읽을 수 없게 됩니다. . \n# 같은 굵기의 원통형 막대기를 들고 전장에 있는 자만이 메시지를 읽을 수 있습니다.",mrc-0-000487,스파르타에서 비밀 암호를 사용했다고 주장한 인물의 이름은?,스키테일
66,"{'answer_start': [320], 'text': ['일본']}","한일합방성명은 단군과 조선태조를 처음 언급하면서 민족의 독립은 당연한 것이며 남의 노예가 되는 것은 야만인들이 부끄러워할 것이라고 선언했다. 하지만 그런 바람이라도 나라의 상황과 시기에 따라 판단해야 하며, 그렇지 않으면 멸망의 진노 그 자체를 불러일으킬 것이라고 말했다. 한일합방성명은 현대사를 되돌아보면서 현 상황이 비상사태임을 진단하고 있다. \n\n한일합방성명서에 따르면 한일병합의 이유는 다음과 같다. 청일전쟁 당시 일본은 거액의 돈과 수만 명의 군인을 희생시켜 청나라로부터 조선을 독립시켰지만, 정치의 혼란을 일으킨 것은 바로 조선민족이었다.  러일 전쟁 때도 일본이 다시금 러시아에 먹힐 뻔한 조선을 구출하고 동양 평화를 달성했으나, 이를 우의로 갚지 못하고 이 나라 저 나라에 붙었다가 결국 외교권을 넘겨주게 된 것도 조선 사람의 잘못이다. 그럼에도 불구하고 그는 일본을 배신한 헤이그 사절의 경우에 실수를 거듭하고 우대를 받아 결국 신한일조약을 맺었다. \n\n제7차 조약 체결 이후에는 산업발전과 교양에 힘써야 하지만 정부는 '폭도와 도적'으로 표현되는 군사투쟁으로 혼란에 빠졌고, 국가는 국가발전에 실패했다. 권력과 종속. 또한 대한제국을 위해 베푼 친절을 잊지 않기 위해 이토 히로부미를 하얼빈에서 저격해 일본 여론을 악화시켰다. 이대로 가면 500년의 사임이 무너지고 2000만명도 남지 않을 것이다. 국가재정이 바닥나고 국가기밀과 통신방식, 법이 조선인의 손에 들어가지 않은 상황에서 나라의 운명은 죽음의 나락으로 가라앉았다고 한다. \n\n그래서 일본 여론이 주장하는 한일합방을 받아들일 것을 대한제국 순종황제와 메이지 천황에게 호소하는 것이 나라의 길이라는 결론이 나왔다. 일진회는 한일합방만이 1만번의 죽음을 버틸 수 있는 유일한 길이며 대한제국 인민이 일류의 혜택을 누리고 정부와 사회를 더욱 발전시키는 근본적인 길이라고 주장했다. 이 기회를 이용하지 않으면 하늘의 신이 벌을 내리니까 2천만 명에게 맹세하고 이 뜻을 알렸다.",mrc-1-000108,러일 전쟁의 승전국은 어디인가?,일한합방성명서
3326,"{'answer_start': [133], 'text': ['푸루']}","파우라바 왕국을 건국한 푸루의 기원은 꽤 오래 전으로 거슬러 올라가며 마하바라타까지 거슬러 올라갈 수 있습니다. 찬드라(달)의 후손인 왕들은 찬드라밤사(Chandravamsa)라고 불렸다.  야야티는 찬드라밤사의 왕이며, 많은 아들 중에 푸루와 야두가 있었다. 그들은 Chandrabamsa의 속국의 두 설립자, Yadu의 Yadu 후손 및 Puru의 Puru 후손입니다. 역사적으로 푸루족은 초기 베다 시대에 존재했으며 다사라즈나 전투에서 바라타에게 패한 후 인더스 강 근처나 그 위에 파우라바 왕국을 건설했습니다. 왕자들은 무역을 통해 번영했습니다. 페르시아 왕 다리우스와 크세르크세스는 많은 파우라바 왕조에 대한 종주권을 주장했지만 그러한 주장은 느슨할 수밖에 없었습니다. 기원전 326년, Ambhi와 Poros가 이끄는 가장 강력한 부족은 마케도니아의 Alexander the Great에 의해 정복되었습니다. 포로스는 히다스페스 전투가 끝날 때까지 알렉산더에게 맹렬히 저항했다. 알렉산드로스 대왕은 장군들의 반대로 난다 왕조가 다스리던 마가다 왕국을 비롯한 인도 전역을 정복하지 못했다. 기원전 322년경, 파우라바 왕국은 마우리아 제국의 창시자인 찬드라굽타 마우리아에 의해 정복되고 파괴되었습니다.",mrc-0-005110,야야티의 아들이자 파우라바 왕국을 건국한 민족의 선조는 누구인가?,파우라바 왕국
2377,"{'answer_start': [115], 'text': ['편찬위원회']}","이건이 일본 제국 육군에 복무하였고, 일본 황족에 준하는 대우를 받았다는 것에 대해서 친일 논란이 있었지만 2009년에 《친일인명사전》을 발간한 민족문제연구소는 “왕공족을 포함시킬 것인가의 여부에 대해서는 편찬위원회에서도 상당한 논란이 있었다. 논의 끝에 왕실의 책임이 전혀 가볍지 않지만, 친일파보다는 망명자에 대한 정치적, 도덕적 책임을 묻는 것이 더 적절하다는 결론에 이르렀다. 다만 특정 친일 행위가 기준에 부합하는 경우 대상 관객으로 선정될 예정”이라고 밝혔다. 또한 “왕실은 대한제국의 황실을 존중하기 위해 일본 정부가 고안한 일본 황실, 일본 왕실, 조선 귀족 사이의 특별한 지위였다. 이재곤, 이해승, 이재극 등 특정 애국행위를 한 인물은 사전에 친일행위로 포함되었으나, 친일행위로 간주하여 제외하였다. 실제로 인질."" 이건은은 영진왕 이은, 이복형 이우처럼 《친일인민사전》에 실려 있지 않다. 그러나 해방 후 모모야마 켄이치로 개명하고 일본에서 귀화했다는 비판을 받았다.",mrc-0-003620,민족문제 연구소내에서 친일인사에 왕공족을 넣을지로 갑론을박하며 상당히 고심한 곳은?,이건 (대한제국 황족)
309,"{'answer_start': [502], 'text': ['탁자식 고인돌']}","청동기시대의 대표적인 무덤으로 고인돌이라고도 하며 주로 경제적, 정치적 권력을 가진 지배계급의 무덤으로 알려져 있다. \n\n한국에서 고인돌은 4개의 받침돌로 돌방을 만들고 그 위에 거대한 납작한 덮개돌을 얹고 땅에 돌방을 지은 기와식과 작은 돌방으로 만든 기와식이다. 지지 돌을 설치한 다음 덮개 돌로 덮고 타일 위에 놓습니다. 분리된다 \n\n거창군 내오리 구릉지에 3개의 고인돌이 있습니다. 그 중 최남단에 있는 것은 탁자 모양이며, 덮개돌의 크기는 2개이다. 86m, 너비 2. 50미터 북쪽으로 약 5m 지점에서는 현재 지상에 덮개돌만 노출되어 있어 탁자 형태의 고인돌 형태였을 것으로 추정된다. 커버 스톤의 크기는 2입니다. 70m, 너비 2. 40m입니다. 다른 하나는 몇 년 전에 소실되어 현재는 흔적만 남아 있고, 하부 구조의 일부가 남아 있는 것으로 추정된다. 고인돌 내부에서는 일반 토기, 돌칼, 돌화살촉이 출토되었다. \n\n이들 고인돌은 영남 지방에서 거의 찾아볼 수 없는 탁자식 고인돌의 구조를 갖추고 있다는 점에서 우리나라 고인돌 연구에 중요한 자료로 평가된다.",mrc-0-000454,영남 지방에서는 거의 발견할 수 없는 고인돌의 구조는 무엇인가?,거창 내오리 지석묘
2156,"{'answer_start': [644], 'text': ['2달 가량']}","일제강점기 조선은 대학교육의 기회가 없었으나 대학교육에 대한 수요는 높았다. 1910년대 말부터 민족주의진영은 대학설립을 통해 민족운동의 수준을 높이기로 결의하고 조선총독부와 내각에 조선교육령의 개정과 허가를 요청하였다. 대학을 설립하다. 이에 일본 내각은 1918년 제정된 대학령으로 조선에 대학을 설립할 수 있다고 답했다. 그러나 일본 내각과 총독부는 대학 설립을 위한 실질적인 조치를 취하지 않았다. \n\n일제강점기가 대학 설립에 대해 미지근한 태도를 보인 후, 3.1운동 전후에 대한제국말 국채보상운동의 적립금을 사용하여 사립대학을 세우려는 운동 . 1922년에는 개정된 교육조례가 제정되고 대학의 설립과 운영에 관한 규정이 신설되면서 사립대학의 설립운동이 본격화되었다. 이 운동이 전국적인 모금계획으로 조직되자 이에 당황한 일본 총독부와 내각은 황급히 '임시교육조사위원회'를 구성하여 1923년 조선에 국공립대학을 세웠다. 사립대학 설립운동. 구축하겠다고 발표했습니다. 그해 11월 조선총독부 정무국장을 중심으로 조선제국대학 창립위원회가 설치되었다. \n\n1924년 1월 유아원을 완공하고 같은 달 11일 신입생 모집요강을 발표했다.  조선제국대학은 1924년 4월 1일 개교할 예정이었으나, 대학과 관련된 법제 문제와 명칭 문제로 인해 2달 가량 연기되었다. 일본의 법제도에서는 조선제국대학이 제국대학령에 따른 정부소속 대학인지, 조선교육법에 의한 조선총독부 소관 대학인지에 대해 이견이 있었다. 조선총독부와 일본 내각의 갈등으로 발전한 조례. 두 사람의 갈등은 4월 중순까지 계속됐다. 4월 말에 제국대학령에 의해 조선제국대학이 설립되었으나 총독부 소관으로 조정되었다. \n\n대학 설립의 법적 문제가 해결되는 과정에서 일부 지역에서 이름 문제가 제기되었습니다. 조선제국대학교의 명칭은 제국대학교가 아니라 조선제국대학교, 즉 조선제국대학교로 볼 수 있다는 지적이 나왔다. 결국 4월 말 조정안이 확정되면서 조선제국대학교의 본래 명칭이 경성제국대학교로 바뀌었다. 이러한 개학 과정의 복잡한 문제로 인해 1학기가 5월 12일, 경성제국대학교의 개교식이 한 달 뒤인 6월 12일에 열렸다. 경성제국대학교의 유치원 교사, 본부, 법학과 문학 교사, 의과대학 교사를 완성하는 데 500만 원의 예산이 필요했다.",mrc-0-003281,조선제국대학은 원래 예정일보다 얼마나 늦게 개교하였는가?,경성제국대학
2019,"{'answer_start': [32], 'text': ['보코 하람']}","2015년 바가 학살은 2015년 1월 3일부터 7일까지 보코 하람이 나이지리아 보르노 주의 바가 마을과 그 주변에서 일어난 일련의 대량 학살 사건이다. 보코하람은 1월 3일 차드, 니제르, 나이지리아군으로 구성된 다국적 합동 태스크포스 기지의 군사 본부를 공격한 후 수천 명의 지역 주민들을 처형하여 1월 7일까지 집단 학살의 절정을 이뤘습니다. 이는 외부에 알려졌습니다. \n\n사망자는 매우 높은 것으로 알려져 있지만 정확한 숫자는 알 수 없습니다. 현지 관리들과 도망자들은 최대 2,000명이 죽거나 ""신원을 알 수 없는"" 사람이라고 말했지만 다른 보고서에서는 수백 명에 불과하다고 밝혔습니다. 몇몇 정부 관리들은 보고된 죽음이 광범위하다고 부인했으며 일부는 대량학살을 주장하기도 했습니다. 이런 일이 일어나지 않았다거나 나이지리아군이 이 지역에서 무장 세력을 격퇴했다는 주장은 현지 관리, 학살 생존자 및 국제 언론에 의해 반박되었습니다. \n\n바가 주변의 16개 마을이 완전히 파괴되어 35,000명 이상의 난민이 발생했으며 많은 사람들이 차드 호수를 건너면서 익사를 두려워하고 호수 위의 섬에 갇혀 있습니다. 국가의 70% 이상이 점령되었다는 의견도 있습니",mrc-0-003065,바가 학살을 발생시킨 집단은?,2015년 바가 학살
1536,"{'answer_start': [93], 'text': ['제9번이 마지막 교향곡이 된다는 운명적 신화 (9번 교향곡의 저주)']}","이 작품은 베토벤, 슈베르트, 슈포어, 드보르자크, 브루크너, 말러, 글라주노프 등에서도 마지막 교향곡의 번호였던 제9번으로서 본 윌리엄스 역시 그 미신적 신화, 즉 제9번이 마지막 교향곡이 된다는 운명적 신화 (9번 교향곡의 저주)를 깨뜨리지 못하고 말았다. 그는 이 작품을 완성한 이듬해인 1958년 8월에 세상을 떠났다. \n이 작품도 교향곡 8번처럼 구체적인 제목은 없지만, 처음 구상했을 때 타이틀곡으로 하려는 의도가 있었던 것 같다. 이러한 흔적에는 1악장의 스케치에 'Wessex Prelude'라는 단어가 쓰여 있고, 4악장의 스케치에 '풍경'이라는 제목이 있다는 사실이 포함됩니다. 이곳 웨섹스(현재의 도셋셔)에서는 영국 작가 토머스 하디(Thomas Hardy)가 작품의 무대로 자주 등장했습니다. 그는 Sher를 사랑했고 Doseshire 지역의 관습에 특별한 호감을 가지고 있었습니다. 그는 어려서부터 민요를 수집하기 위해 그곳에 자주 갔을 뿐만 아니라 죽기 직전 솔즈베리를 방문하기도 했습니다. \n\n작곡가 본인이 ""교향곡 9번 제목이 작곡 도중 빠졌다""고 했다. 그가 처음 의도했던 것과는 달리 이 작품에서는 절대적인 음악적 요소가 지배적이다. 이전 8번의 유머의 가벼움과 유머의 가벼움과 달리 훨씬 더 우울하고, 훨씬 더 영웅적이고 명상적이며, 도전적이고 감탄하며, 음표의 느낌이 대부분 공상적이다. 1악장은 진정한 소나타 형식은 아니지만, 본 윌리엄스의 가장 깊은 내면의 서사이며, 특히 그의 음색적 조화의 모순을 잘 드러낸다. 첫 번째 주제의 내림차순으로의 전환은 '단조보다 단조롭게' 연주되어야 하며, 이 마지막 기간에 그의 용법을 엿볼 수 있는 요소이기도 하다. 이 작품 역시 에필로그가 없고, 1악장에서는 주제들이 미묘하게 상호 침투하고 있으며, <남극교향곡>에서 파생된 기법은 날카로운 대조를 보이는 음악적 아이디어를 거의 둔감하게 병치함으로써 작품을 구성한다. \n\n오케스트레이션도 섬세하고 특히 악기에 대한 지침이 가장 세세하게 기록되어 있습니다. 예를 들어 첫 번째 색소폰은 필수지만 나머지 두 개는 부득이한 경우 클라리넷과 바순 음색에 작은 음표를 써서 대신 연주할 수 있습니다. 그것을 재생 특히 지휘자에게 이 부분을 코넷으로 연주하지 말라고 지시하고 일반 플루겔 호른 마우스피스를 사용하도록 지시하는 메모를 붙였다. 이처럼 특수한 악기의 사용과 수수께끼 같은 용법은 이미 형식적 구속의 멍에를 벗어났지만 궁극적으로 그의 스타일은 보수적이었던 윌리엄스의 음악 세계를 드러낸다. 따라서 윌리엄스의 마지막 작품인 교향곡 9번은 말러와 시벨리우스를 거쳐 전승된 낭만적 교향곡의 대담한 흐름의 마지막 중간기가 끝나는 지점인 듯하다. \nVon Williams는 그보다 훨씬 일찍 이 작품을 구상했지만, 본격적으로 작곡을 시작한 것은 1956년 초였습니다. 그리하여 1957년 11월, 이듬해인 1958년 4월에 런던의 로열 앨버트 홀에서 말콤 사전트 경이 지휘하고 로열 필하모닉이 연주하여 완성되었습니다. 수수께끼 같은 언어로 인해 이번 작품의 난이도가 높아 시사회에서 반응이 좋지 않았던 것으로 알려졌다.",mrc-0-002332,유명 작곡가들의 교향곡이 9번에서 끝난 것을 표현하는 말은?,교향곡 9번 (본 윌리엄스)
828,"{'answer_start': [61], 'text': ['〈The Fry Song〉']}","Finn은 Marceline의 노래 녹음을 돕기 위해 Marceline의 집을 방문합니다.  마르셀린은 노래(〈The Fry Song〉)를 부르기 시작하고, 자신과 아빠인 헌슨 애버디어 사이에 대해 불편한 감정을 드러낸다. 노래를 들은 핀은 마셀린의 아버지를 밤 왕국에서 불러 그가 영혼을 빨아들이는 능력을 가진 밤 왕국의 지도자임을 깨닫습니다. Abodeir는 Finn의 영혼을 흡수하지 못하고 대신 Marceline의 기타를 가져갑니다. \n\nMarceline의 아버지는 Wu Land를 배회하며 생물의 영혼을 흡수합니다. 핀과 마셀린은 그를 잡으려고 큰 돌을 떨어뜨려 그를 치려고 하지만 실패하고 그를 화나게 할 뿐입니다. 기타를 되찾고 싶어하는 Marceline과 달리 Aberdeer는 Marceline이 밤의 왕국을 차지하기 위해 자살을 시도하고 있다고 오해합니다. \n\n얼음왕 펭귄의 영혼을 흡수한 애버디어가 거인의 크기가 됩니다. 핀은 애버디어를 공격하면서 마셀린의 기타를 되찾고, 마셀린은 자신을 이해하지 못하는 아버지에게 화를 내며 떠나려 한다. 그런 다음 Finn은 ""Fry Song""의 녹음을 재생하고 Abodeir는 Marceline이 화난 이유를 알게 됩니다. 두 사람은 화해하고 핀은 아보데어의 영혼을 풀어주고 그를 밤의 영역으로 돌려보냅니다.",mrc-0-001262,마르셀린이 자신의 감정을 보여주기 위해 쓴 음악의 제목은?,It Came from the Nightosphere
1353,"{'answer_start': [76], 'text': ['물산장려운동']}","1930년대 중반부터 그는 영국과 영미 국가들에 대해 실망감을 품기 시작했습니다.  1920년 인도의 마하트마 간디가 김성수와 조만식의 물산장려운동에 호의적이고, 그들을 격려하는 편지를 보낸 것을 계기로 인도의 독립운동가인 수바스 찬드라 보세, 마하트마 간디, 자와할랄 네루 등의 책과 칼럼을 구해서 읽어보았다. 1934년 인도 독립운동가 찬드라 보스가 망명 중에 한반도를 방문했다. 이후 윤치호는 찬드라 보스의 책 '속박된 인도'를 입수해 읽었다. 이 책을 읽고 윤치호는 영국이 인도에서 잔인하게 학대하고 억압하는 통치를 하고 있음을 알게 된다. 그는 한때 일본의 통치를 지나치게 폭력적이고 강압적이며 영국 식민 통치를 모델로 삼았던 영국인에게 실망했습니다. \n\n1937년 이래 일본 정부와 조선 총독부는 반미 및 반미 활동을 시행했습니다. 1939년 7월 23일 경성부에서 4만여 명의 군중을 모은 조선배영대회의 전 회장으로 선출되어 집회에 참석하였다. 여기서 장덕수 일행은 영국을 흡혈귀라고 비난하면서도 자신이 흡혈귀라고 부인했다. 그는 강제로 참석해야 했고 형식적인 인사만 하고 손님석에 앉았다. 참가자들은 영국과 미국이 동아시아를 가로채기 위한 강도나 영국이 동아시아의 흡혈귀라고 비난했지만 윤치호는 대답하지 않았다. 그는 이 대회에 참가하고 싶지 않았지만 '내가 회장이기 때문에 참가할 수밖에 없다. '라고 말했다. \n\n일본 총독부가 각종 반미·반미 시위를 기획하고 초청장을 보내도 초청장만 받거나 참석을 거부했다. 오히려 윤치호는 영국이 제국주의 국가들 사이에서 나름대로 관대하다고 보았다. \n\n마하트마 간디는 위대하지만 영국 정부가 마하트마 간디를 위대하게 만들었다는 점에서 위대합니다. 스페인, 일본, 독일, 심지어 프랑스가 30년 전에 그런 사람을 죽였더라면. 마하트마 간디와 같은 사람들이 죽임을 당하거나 박해를 받거나 나라를 떠나지 않고 나라에서 자유롭게 독립을 위해 싸울 수 있었기 때문입니다.",mrc-0-002056,마하트마 간디는 조만식의 어떤 활동에 긍정적이었나요?,윤치호
2852,"{'answer_start': [171], 'text': ['독일']}","2007년 험프리스는 캐나다 차트 2위에 올랐고, 2006년 동계 올림픽에서 교체 선수로 소개되면서 큰 주목을 받지 못했다.  한때 약혼남 댄 험프리스의 국적을 따라 영국 국가대표로 나서는 방안을 고민하기도 했으나 이내 캐나다팀에 남기로 마음먹고, 봅슬레이 훈련원 선수로 계약을 맺어 일자리를 얻었다 이후 독일 알텐베르크에서 열린 2008년 FIBT 세계 선수권대회 봅슬레이-스켈레톤 단체 혼성종목에서 은메달을 차지하는 데 기여하였다. \n\n2009-10 봅슬레이 월드컵 시즌에는 7위부터 시작해 8경기 중 1승, 메달 2회, 6위 1회 등 종합 기록이 좋았다. 이 월드컵 결과를 디딤돌로 삼아 그녀는 Heater Mois와 함께 2010년 동계 올림픽 여자 2인 경기에서 올림픽 첫 금메달을 획득했습니다. 한편 캐나다의 셰일린 브라운(Shailene Brown)과 헬렌 어퍼튼(Helen Upperton)이 은메달을 획득해 캐나다 팀 최초로 2개의 메달을 동시에 획득한 기록을 세웠다. 올림픽 우승도 험프리의 어린 시절 꿈을 이룬 것이었고 결승 직후 험프리는 ""아직은 뭐라고 할 수 없을 것 같다. 최선을 다했다. 어린 시절에 세웠던 목표가 이루어졌다는 것이 놀랍습니다. ""라고 말했다. \n\n2010년 동계 올림픽 이후 두 시즌 동안 세계 선수권 대회와 월드컵 투어에서 공연이 없었습니다. 종합적으로는 계속해서 10위권 안에 진입했고, 종합 3위로 시즌을 마쳤지만, 정말 의미 있는 기록은 2010-11 봅슬레이 월드컵에서 단 1개의 메달에 불과했다. 반면 2011-12 봅슬레이 월드컵에서는 3승 4패에도 불구하고 종합 5위를 기록했다.",mrc-0-004353,2008년 FIBT 세계 선수권대회 개최국은?,카일리 험프리스
3335,"{'answer_start': [546], 'text': ['라이트세이버']}","어린 시절 자쿠 행성에 홀로 남겨진 그는 자쿠 전투에서 침몰한 스타 디스트로이어의 일부를 팔아 살아가고 있었다. BB-8을 쫓던 퍼스트오더에게 붙잡혀 도망치던 중 밀레니엄 팔콘을 타고 그곳에서 한솔로와 츄바카를 만났다. 그룹은 Rasta와 Space Pirates를 탈출한 후 Maz Kanata의 선술집인 Tagodana로 향하고 Rey는 Millennium Falcon의 2등 항해사로 한 솔로의 제안을 거절하지만 그는 가족을 기다려야 할 것이라고 말합니다. 화성의 선술집에서 아나킨 스카이워커의 광선검을 본 그는 환상을 품고 있습니다. Mars는 Rei에게 부모님이 돌아오지 않을 것을 알고 자신의 운명을 받아들이라고 말하지만 Rei는 거부하고 도망칩니다. 그러나 퍼스트 오더와 레지스탕스 간의 전투에서 카일로 렌의 포로가 된 레이는 마인드 트릭을 사용하여 자신의 생각을 읽으려는 카일로 렌과 싸우고 마인드 트릭을 사용하여 스톰트루퍼를 탈출합니다. 핀의 일행과 극적인 재회 후 레이는 카일로 렌이 한 솔로를 죽이는 것을 목격하고 도망치지만 카일로 렌과 마주친다.  이에 라이트세이버를 꺼내들고 카일로와 맞서는데, 수세에 몰리다가 역공을 가해 상대를 압도한다. 한솔로 일행이 열발진기를 폭발시키자 포 다메론을 비롯한 X윙 편대가 습격해 스타킬러 기지가 무너질 뻔했다. 팔콘이 나타나 핀과 레이를 구출했다. 이후 해양행성 아키토에 있는 루크 스카이워커에게 광선검을 전달하고 제다이 훈련을 받는다.",mrc-0-005126,카일로를 무찌르는데 사용한 무기의 이름은?,레이 (스타워즈)
3088,"{'answer_start': [547], 'text': ['1364년']}","1354년(공민왕 3년) 공민왕은 신돈을 왕으로 세웠으나 종의 아들이라는 신분을 문제로 삼은 권문세 가문의 반대로 궁에 들어가지 못했다. \n\n1358년(공민왕 7년) 공민왕의 개혁을 주도했던 이제현이 사임을 청원하고 직에서 물러났고, 공민왕은 왕사활을 사용하여 불교에 빠져들었다. 이때 신돈은 공민왕의 측근인 김원명(金元命)의 소개로 정식으로 개경궁에 들어섰고, 궁궐에 출입하기 전에 공민왕을 만났다. 이때 공민왕은 전날 꿈에 누군가가 칼을 빼어 그를 찌르려는데 스님이 와서 그를 구해주었다. 신돈은 총명하여 공민왕의 존경을 받았고, 공민왕 자신도 독실한 불교신자로서 불교에 관한 일로 자주 신돈을 방문할 수 있었다. 한편으로는 강한 의혹과 편견이 있었고, “나라를 어지럽히는 놈이 이 새끼야!”라는 근거 없는 비난도 있었다. 그는 또한 대피했다.  공민왕은 신돈을 이용하여 개혁정책을 강력하게 추진하려고 생각하고 있었다\n\n김용(金鏞)의 계략으로 정세운을 위시한 공민왕의 많은 측근이 정계에서 사라졌을 때 신돈은 또다시 부름을 받고 입궐하여 공민왕의 개혁정책을 주도한다 1364년 두타승(頭陀僧)이 되어 공민왕을 내알(來謁)하고 비로소 궁에 들어와 살게 되었다. 그 후 공민왕에 의해 왕실에 임명되어 영예를 받고 궁에 들어갔다. 공민왕은 신돈의 의논을 받아 정부를 거역하지 않았고, 그 결과 갑자기 많은 신도를 얻었다.",mrc-0-004736,신돈이 마침내 궁에 들어와 살게 된 때는?,신돈
1178,"{'answer_start': [6], 'text': ['하이노하라 전투']}","1493년 하이노하라 전투에서 승리한 마키노 시게토키는 도요가와 강의 동쪽으로 건너가, 니렌기 성의 서쪽으로 1km 반 정도 떨어진 곳에 1505년 이마하시 성(今橋城, 후에 요시다 성)을 쌓았다. \n\n하지만, 이것은 토다 씨와 니렌기 죠에게 있어서는 걱정스러운 상황입니다. 아츠미군(도요가와강과 아사쿠라가와 남안)의 완전정복을 노린 도다씨에게 이웃한 호이군에서 마키노씨가 축성한 이마하시성의 존재 도요가와 강은 필연적으로 볼 수 있는 광경입니다. 없었다 원래 이마하시 성의 오테문은 축성 당시 동쪽을 향하도록 되어 있었습니다. 즉, 동쪽의 니렌기성에 대항하기 위한 요새임이 분명했다. \n\n아사쿠라 강의 남쪽에 가깝지만 아사쿠라 강의 북쪽 방향에서 니렌기 성을 보면 분명히 작은 산이고이 지역에서 가장 높은 지점, 이마하시 성은 도요가와의 합류점 아사쿠라 강. , 그것은 남쪽과 동쪽에 대해 완벽하게 평평 해졌으며 서쪽으로 약간 더 높은 지점이되었습니다. 그 후 도다 씨는 이마하시 성을 공격하는 데 주력하기 시작했습니다. \n\n각 성의 영주인 니렌기 성의 도다 씨와 이마하시 성의 마키노 씨가 축성 이듬해인 1506년에 충돌하여 마키노 시게토키가 사망했습니다. 그러나 이는 두 가문의 반복되는 다툼의 시작에 불과했고, 패권을 놓고 다툼이 아찔하게 바뀌면서 갈등은 더욱 깊어졌다. 이윽고 마쓰다이라 미카와도 여기에 합류하여 삼국전투가 된 이마하시성 전투가 절정에 이르렀다. 요시다 성으로 이름이 변경된 후에도 계속됩니다. \n\n요시다 성을 둘러싼 전투는 이마가와 요시모토가 미카와 국을 본격적으로 장악하기 시작하면서 잠잠해졌습니다. 요시다 성을 획득한 이마가와 가문은 성의 부주를 파견하여 미카와 통치의 거점으로 삼았다. 그러나 1560년 음력 5월 오케하자마 전투에서 요시모토가 전사하자 이마가와 가문은 퇴각하기 시작했다. \n\n당시 요시다 성의 부영주였던 오하라 스케요시와 니렌기 성의 영주인 도다 시게사다가 1564년에 요시다 성에서 인질로 잡혀 있던 어머니의 귀환에 성공했다. 그 후, 그는 도쿠가와 이에야스의 진영으로 옮겼다. 이 때문에 니렌기성(도쿠가와 진영의 도다 씨)과 요시다 성(이마가와 씨)은 다시 적대 관계에 빠졌습니다.",mrc-0-001796,요시다 성을 건축한 인물이 승리한 전쟁은 무엇인가요?,니렌기성
1182,"{'answer_start': [271], 'text': ['《오토바이 남미 여행 일기》']}","그는 부에노스 아이레스 대학에서 의학을 공부했습니다. 1951년, 아직 학교에 있는 동안 그와 그의 오랜 친구 Alberto Granado는 오토바이를 타고 남아메리카를 여행하고 방황하는 여행을 경험했습니다. 이때 남미의 각 나라는 우익 쿠데타 정권이 들어서면서 급속한 경제발전을 이루었지만 빈부격차와 노동착취가 매우 심했다.  이러한 상황을 견문하면서 아메리카 대륙에서 나타난 민중에 대한 억압과 착취의 현실에 대해 눈을 뜨게 되었으며, 마르크스 주의에 공감을 하게 되었다 (이것은 《오토바이 남미 여행 일기》에 기록되어 나중에 이것을 원작으로 한 영화 《모터사이클 다이어리》도 제작되었다). 이 여행은 게바라라는 평범한 의사에서 혁명가로의 첫 번째 의식 변화였습니다. \n\n외자 유치와 산업 민영화에 반대하는 볼리비아 인민 운동에 1952년 참여. 1953년, 부에노스아이레스 의과대학을 졸업하고 25일 후, 그와 그의 친구 카를로스 페레로는 다시 남미로 유랑 여행을 떠났다.",mrc-0-001803,《모터사이클 다이어리》는 무엇을 모티브로 한 작품인가요?,체 게바라
3413,"{'answer_start': [272], 'text': ['괘혁암']}","입석은 선돌이라고 하는 고인돌과 같은 대형 석재 문화의 일종으로, 기다란 바위를 깎아 세워 세운 것입니다. 선사시대에는 무덤의 면적을 나타내기 위해 고인돌 주위에 세웠고, 역사시대에는 귀신을 막거나 경계를 표시하기 위해 마을 입구에 세웠다. 이 서 있는 돌은 인동 일대에 청사가 세워질 무렵 마을의 풍수를 이롭게 하고 도적을 잡기 위해 세워진 것입니다. 이라고 \n\n앞에서 보면 오른쪽의 큰 돌에 앞면에는 '괘혁감', 뒷면에는 '인동수구석', 다른 면에는 이야기가 새겨져 있습니다.  괘혁암은 짚신을 걸어두었던 바위라는 뜻으로, 짚신 한짝도 관아의 것이므로 소홀히 하지 않았던 인동 현감 이등림 선생의 청백함을 기리고 있다. 조선 선조 때 고을 사람들이 이 이름을 새겼고, 350년 후에는 글을 새겼다. 그 옆에는 일제강점기 '대정비(大正紀念碑)'라는 글자가 새겨져 있고, 해방 이후에는 '대한민국 기념관'이라는 글자가 새겨져 있다. \n\n원래 진평고등학교 앞 삼거리에 있었는데 더 많은 사람들이 볼 수 있도록 여기로 옮겨 건립했다.",mrc-0-005243,짚신을 걸어두었던 돌을 의미하는 단어는 무엇인가요?,구미 진평동 인동입석
1674,"{'answer_start': [812], 'text': ['""가디언 앤젤 월드와이드 퍼포먼스상""']}","뉴욕타임즈의 존 카라마니카 기자는 빅뱅의 퍼포먼스에 대해 ""다양한 의상을 입고 총 24곡을 선보였고, 화려한 세그웨이와 로우라이더 바이크를 타고 무대에 등장해 색다른 무대를 선사했다. 짧지만 멋진 미국 여행이었습니다. ""라고 언급했다. \n\n빌보드의 K팝 코너 빌보드 K-Town 칼럼니스트 제프 벤자민(Jeff Benjamin)이 뉴저지 푸르덴셜 센터에서 열린 BIGBANG의 콘서트에서 콘서트 고어처럼 무대 주위를 해가 질 때 브레이크댄스 체조. 이들은 현장을 칭찬하며 미국 콘서트를 '모두를 위한 성공'이라고 표현했다. \n\n캘리포니아 일간지 OC Weekly의 Joseph Raffin은 빅뱅의 애너하임 콘서트에 참석해 현장 분위기가 ""거의 뻔하다""고 전했다. 또한 라핀은 “단순한 과거의 올드 스쿨 힙합이 아니라, 이 소년들은 당연히 돌아왔다고 생각할 정도로 상업적인 트위스트와 외국적 재해석이다. . . 그리고 향수를 불러일으킬 수 있는 공연이었다. ""그들은 그들이 슈퍼스타가 될 것이라는 것을 알고 있습니다. ""라고 언급했다. \n\n영국 유명 매체 '가디언'의 음악 저널리스트 캐롤린 설리번이 빅뱅의 런던 웸블리 아레나 콘서트를 '매우 훌륭하다'고 극찬했다. 또 다른 서양 음악 밴드들과 빅뱅을 비교하며 ""빅뱅은 그들보다 '명확하고 시끄럽고 날카로운 춤'이라는 장점이 있다. \n\n「Radio Programmas Peru」는 2012년 빅뱅의 남미 공연을 베스트 투어로 선정했다.  2012년 11월 30일, Mnet 아시안 뮤직 어워드에서 빅뱅은 최고의 콘서트 아이디어와 월드 투어의 최신 영향력을 가진 감각적인 예술가에게 주는 ""가디언 앤젤 월드와이드 퍼포먼스상""을 수상했다.",mrc-0-002569,빅뱅이 2012년에 열린 Mnet 아시안 뮤직 어워드에서 받은 것은?,BIGBANG ALIVE GALAXY TOUR 2012
642,"{'answer_start': [455], 'text': ['코다']}","렌토 단조 4/4박자. 코다가 있는 두 부분 형식. 잉글리시 호른이 주제를 연주하고 음소거된 현이 고요한 코드를 연주합니다. 이 주제의 기본 음조는 기본음에 있지만 구성의 특징을 강하게 드러낸다. 그것은 그것에 첨부된 지시 Mistetioso(신비하게도)가 있습니다. 이 주제가 일정 기간 반복되고 전개되면 리듬감이 강한 소리 패턴이 나타난다. 이 음의 패턴은 이 동작을 통해 자주 나타나며, 과도기적 역할을 함과 동시에 통일성을 이루는 수단이 된다. 파트 1은 이 음색의 전개로 끝나고, 파트 2는 구조적 음색과 함께 비올라 독주 E단조의 새로운 주제로 시작됩니다. 그 후, Vaughn Williams가 ""라벤더 상인의 외침""이라고 부르는 것이 들리고 Appassinato (열정적으로) 문구가 이어집니다. 계속해서 지금까지의 토픽들을 다방면으로 다루며 개발부서의 인상을 주다 이어서 코다에 들어가게 된다.  코다는 약간 떠들썩한 도시의 활기찬 저녁 한때를 묘사하는 듯하다가는 시간이 지날수록 점차 고요해지면서 악장을 마친다.",mrc-0-000972,활발한 느낌으로 시작해 조용한 분위기로 끝나는 부분은?,교향곡 2번 (본 윌리엄스)
3305,"{'answer_start': [187], 'text': ['하석주']}","1962년 FIFA 월드컵 브라질-칠레 준결승전에서 브라질 선수 가힌샤가 2골을 넣은 뒤 상대 수비수를 발로 차 퇴장시켰다. 선수들을 의미했습니다. 이런 식으로 골을 넣은 선수가 퇴장당하면 ""가힌샤 클럽에 가입했다""고 한다.  월드컵 본선에서는 가힌샤 이후로 가힌샤 클럽에 가입하는 선수가 없다가, 36년 만인 1998년에 이르러서야 하석주가 퇴장당해 2번째 멤버가 나타났다. 이때부터 가힌샤 클럽이라는 용어는 '월드컵 결승전에서 골을 넣고 퇴장당하는 선수'라는 의미로 쓰였다. \n\n한편, 1962년 FIFA 월드컵 우루과이와 유고슬라비아의 1차전에서 우루과이의 루벤 카브레라는 시간상 가힌샤보다 빠른 득점으로 퇴장당했다. 그럼에도 불구하고 '가힌샤 클럽'이라 불리는 이유는 가힌샤가 훨씬 유명했기 때문이라고 한다. 가힌샤는 당시 펠레의 부상으로 위기에 처한 브라질 대표팀을 승리로 이끌었고, 이번 대회 최우수 선수이자 득점왕에 뽑혔다.",mrc-0-005081,가힌샤 클럽에 두번째로 가입한 선수는?,가힌샤 클럽
1595,"{'answer_start': [209], 'text': ['경무부장']}","전라남도 광양군에서 태어나 만주국 봉천시에 있는 중앙군 훈련소를 3기로 졸업하고 만주군이 되었다. 태평양 전쟁 중에는 만주군 중령으로 복무했다. \n\n태평양 전쟁이 끝난 후 귀국한 후 미군정 산하 경찰학교 교장으로 임용되어 경상북도 철도경찰청장으로 재직하면서 경찰분야에 헌신하였다. 기관, 충청남도 철도경찰청, 공안.  제주 4·3 사건 당시 경무부 공안국장을 맡고 있어 경무부장 조병옥과 함께 이 사건의 주무 담당자 중 한 명이었다. \n\n이후 105여단장, 전남지방군사령관, 전북 계엄군사령관, 전북지방군사령관, 106사단장 등을 역임했다. 부통령. \n\n 육군 준장으로 전역한 후 고향인 광양에서 자유당 후보로 당선되어 제3대 국회의원에 입성하였다. 군사 분야의 전문가라는 평가를 받았지만 별다른 정치 활동은 보이지 않았다. \n\n2008년 국립친일사전연구소가 편찬한 친일사전 수록예정인원 중 군부에 포함됐다.",mrc-0-002437,제주 4.3사건 당시 조병옥의 직책은?,김정호 (1909년)
2463,"{'answer_start': [188], 'text': ['1177년']}","Doge의 공개 의식 중 하나는 바다의 상징적 인 결혼식을 축하하는 것이 었습니다. 이 의식에서 견습생은 국선인 부친토로(Buchintoro)를 타고 아드리아 해에 결혼 반지를 던집니다. 이 의식은 원래 1000년에 Doge Pietro Orseolo II에 의한 Dalmatia 정복과 그리스도의 승천을 축하하기 위한 것이었습니다.  1177년에 교황 알렉산데르 3세와 신성 로마 제국의 황제 프리드리히 1세가 베네치아를 방문한 이후로, 이 의식은 좀 더 장중하고 화려한 모습이 되었다. 각 특별 국가 행사에 대해 총독은 점점 더 많은 의식에 참여해야했고 국제 관계에서 그는 최고 군주의 지위를 가졌습니다. \n\n14세기부터 총독의 의례용 왕관은 베네치아 총독의 유명한 상징이 되었으며 코르노 두칼레라고 불렸습니다. 뻣뻣한 뿔을 닮은 챙이 없는 모자로, 아마포로 만든 모자인 카마우로에 보석 무늬 천을 덧입었다. 매주 부활절 월요일 총독은 산 마르코 광장에서 산 자카리아 수녀원까지 행렬을 이끌고 그곳에서 수녀들이 만든 새 관을 받았습니다.",mrc-0-003750,도제의 변화가 있었던 시기는?,베네치아의 도제
2422,"{'answer_start': [502], 'text': ['육군계엄고등군법회의 재판부']}","1980년 5월 17일 신군부는 5·17 비상계엄을 전국적으로 확대하는 조치를 취함과 동시에 김대중과 김종필을 비롯해 정치인과 비전문가를 체포했다. 김대중도 같은 날 동교동 자택에서 학생과 노동조합을 조작한 혐의로 경찰에 체포됐다. \n\n광주 시민들은 5월 18일부터 비상계엄의 전국적 확대로 인한 정치적 탄압에 항의했다. 광주민주화운동을 진압한 신군은 김대중을 광주민주화운동의 선동자로 지목하고 민주화 인물을 탄압하기 위한 반란 혐의로 기소했다. 새 군사정부는 두 달 간의 고문을 통해 관련자들의 진술을 날조했다. \n\n1980년 9월 17일 육군사령부 대법원에서 육군본부 일반 계엄대회(문응식 소장, 박영철 판사, 이재흥 준장, 그리고 변호사 양신기 중령) 김대중을 공모해 김대중을 공모해 국가보안법 반공법 계엄령 외환행정법 위반 혐의로 사형을 선고받았다. 또 문익환과 이문영은 반란 공모 및 계엄 위반 혐의로 20~5년, 서남동 등 11명에게는 징역 4~2년이 선고됐다. 계엄령. \n\n육군계엄고등군법회의 재판부(재판장 유근환 소장, 심판관 백영기 준장, 법무사 장동완김진흥 김익하 중령)는 1980년 11월 3일 육군본부 대법정에서 김대중 내란음모사건 피고인 24명을 출정시킨 가운데 김대중의 항소를 기각하고 사형을 선고했다. 1심에서 징역 20년을 선고받은 문익환은 징역 15년을 선고받았다. 이정문·송건호·한승헌·유인호에게 사형이 선고됐다. \n\n1981년 1월 대법원은 군사재판에서 김대중에게 사형을 선고했지만 당시 법정에서 김대중의 최후 진술은 ""이 땅의 민주주의가 회복된다면 먼저 죽은 나에 대한 정치적 보복"" 국제사회에 알려지면서 큰 반향을 일으켰다. 이듬해인 1981년 1월 23일 전 미국 대통령 지미 카터, 레이건 행정부, 미 의회, 심지어 당시 교황인 요한 바오로 2세까지, 전 세계 지도자, 종교 및 인권 단체의 압력이 높아짐에 따라 김대중 사형을 중단하라. 김대중에게 무기징역이 선고됐다. 그 후 얼마 지나지 않아 그의 형은 20년형으로 감형되었습니다. 이후 노신영 국가안보실장은 김대중에게 미국 망명을 권유하고 그에 따라 선서를 하라고 요구했다.",mrc-0-003684,김윤식에게 집행유예를 선고한 곳은?,김대중 내란음모 조작 사건
1859,"{'answer_start': [716], 'text': ['코메디 발레']}","몰리에르는 공연일 2주 전에 작품 제작을 의뢰받았다. 그는 Luli가 작곡한 일련의 정교한 춤 작품을 지원하기 위해 극적인 장면을 제공하곤 했습니다. 대신 그는 전체 작품을 연극으로 바꾸어 공연 중 춤을 완전히 통합했습니다. 이것은 그의 천재성을 인정하며 300년이 지난 후에도 이 연극은 여전히 ​​공연되고 있습니다. 그러나 무용신이 부수적인 사건이 되면서 발레신은 자주 삭제되어 3막으로 공연되었다. \n\n이 작품은 오스만 제국의 황제와 관련된 모든 것을 담고 있으며, 이른바 투르크인의 취향을 반영하고 있습니다. 줄거리는 1669년 터키 대사 술레이만 아가(Suleiman Aga)가 루이 14세의 궁정을 방문했을 때 일으킨 스캔들에서 파생되어 태양왕보다 오스만 황제의 궁정이 더 우월하다고 강조합니다. \n\n그의 습관적인 만화 공식을 사용하여 그는 캐릭터에 비합리적인 태도를 부여하고 결과를 가정하고 현실에서 마찰로 그 태도의 결과를 탐구하도록 합니다. 코미디 발레극으로서 이 연극은 그의 거창한 원칙을 충족시켰다고 할 수 있다. ""모든 법칙을 초월하는 위대한 법칙은 청중을 즐겁게 하는 것입니다.""\n\n음악은 생동감 있고 통합된 역할을 하고 우아한 엔터테인먼트를 만들고 장면에 매력을 더합니다. 음악도 코믹함을 더했으며, 극 중 학생들이 작곡한 애절한 세레나데에서 룰리는 자신을 향한 가벼운 조롱으로 당시 유행에 따라 세련된 음색을 만들어냈다. \n\n서민 귀족은 코메디 발레의 걸작으로 그 당대의 최고의 배우와 음악가들이 함께 등장하였다. Molière는 은색 레이스와 여러 가지 빛깔의 깃털로 장식된 밝은 ​​가운을 입고 무슈 조르댕 역할을 맡았습니다. Hubert가 Madame Jordin으로, Mil de Brie가 Dorimen으로, Armand Bezart가 Lucille로 출연했습니다. 뮤지션 Luli가 Mufti의 역할을 맡았습니다.",mrc-0-002833,서민 귀족의 장르는?,서민귀족
2339,"{'answer_start': [79], 'text': ['9세']}","원래는 경상남도 창원시 본림사 터에 있었다가 1919년 경복궁으로 옮겼다. 현재는 국립중앙박물관 부지에 있다. \n\n심희(855∼923)는 9세에 출가하여 명산을 다니면서 수행을 하다가 경남 창원에서 봉림사를 창건하니, 이때부터 선문9산 중 하나인 봉림산문의 기운이 크게 일어났다. 그는 궁으로 가서 경명왕에게 설법하였다. 그 후 봉림사로 돌아와 제자들을 가르치다가 68세를 일기로 세상을 떠났다. 왕은 그의 시호를 '진경대사'라 부르고 탑의 이름을 '보월릉공'이라 하였다. \n\n비는 거북이 지지석 위에 올려진 비석 형태입니다. 대좌의 거북 머리는 유난히 커서 입에 여자가 있고 머리에 뿔이 있는 작은 구멍이 있다. 뒷면에는 빗물을 넣을 수 있는 사각 홈이 있고, 그 주위에는 구름 무늬가 있다. 비문을 새긴 몸의 누락된 부분이 있어 오래된 쓰레기를 참조하여 복원했습니다. 묘비에는 구름으로 둘러싸인 두 마리의 용이 각 모서리에 하나씩 표현되어 있습니다. \n\n통일신라 경명왕 8년(924)에 창건된 비석. 작품 하나하나가 얕고 격식 있는 경향이 있어 통일신라 말기의 쇠퇴하는 기풍을 보여주고 있다.",mrc-0-003569,심희가 집을 나왔을 때의 나이는?,창원 봉림사지 진경대사탑비
144,"{'answer_start': [632], 'text': ['압델무멘 자부']}","한국을 4-2로 꺾은 알제리는 축제 분위기였다. 이 경기를 앞두고 알제리 감독인 바히드 할릴호지치(Bahid Halilhodzic)는 언론의 질타를 받아 경질 위기에 놓였다. 그러나 한국에 4-2로 승리한 후 할릴호지치 감독이 알제리의 영웅으로 빠르게 떠올랐고, 언론과 축구협회와의 갈등이 한 번에 해결됐다. 3차전 러시아와의 경기에서 선제골을 실점하며 불리한 상황에 놓였으나 결국 동점골을 터뜨리며 1승 1무 1패(승점 4)로 1:1 무승부를 기록하며 2위를 차지했다. 벨기에에 이어 조 1위, 16강 진출. 16강전 상대는 32년 전 1982년 FIFA 월드컵에서 이른바 기욘의 수치심에 휘말린 독일이었다. 알제리는 독일이 약하다는 평가에도 불구하고 꽤 좋은 경기를 펼쳤고, 독일은 요하임 뢰프의 4인 체제에서 센터백으로만 구성된 이른바 포터백 전술로 쉽게 이길 수 있는 경기에서 승리하기 어려웠다. 백라인과 Skoodran Mustafi의 형편없는 플레이. 번갈아가며 고군분투했다. 그래서 알제리는 전반 90분 동안 0-0을 유지했고, 경기는 연장전으로 들어갔다. 그러나 연장 2분에 알제리가 안드레 슐레에게 선제골을 허용했고, Mesut Ozil도 연장 15분에 또 한 골을 실점해 0-2로 앞서갔다.  경기 종료 직전에 압델무멘 자부가 1골을 만회했고 골 셀레브레이션도 마다한 채 빨리 공을 센터서클로 갖다 놓으며 어떻게든 동점골을 넣어보겠다고 나섰지만 결국 1 : 2로 석패해 32년 전의 악연을 끊는데 실패했다. 이번 경기에서 Abdelmumen Jabu의 골은 토너먼트의 모든 골 중 가장 최근 골이었습니다. \n\n알제리 축구 연맹은 Halilhodzic과의 재계약을 제안했지만 거부되었고 터키 슈퍼 리그의 Trabzonspor 감독이 고용되었습니다. Halilhodzic이 떠난 후 알제리는 빠르게 아프리카의 약자 팀으로 떨어졌고 2018 FIFA 월드컵 지역 예선에서도 탈락했습니다. 그와 함께 이 대회의 선전은 이제 과거의 기억일 뿐입니다.",mrc-0-000222,16강 경기에서 알제리의 첫 골을 넣은 사람은?,대한민국 대 알제리 (2014년 FIFA 월드컵)
764,"{'answer_start': [254], 'text': ['청나라의 다롄']}","대한왕실대표 이등박문조례단은 이토 히로부미가 하얼빈에서 안중근에게 암살당했을 때 이토의 죽음의 영향을 우려하기 위해 대한제국 정부 차원에서 조직된 조례단이다. \n\n1909년 10월 26일 이토가 사망하자 대한제국 순종은 메이지 천황에게 전보를 보내 그를 위로하고 위로사절단에 합류했다. 순종은 종원경을 윤덕영, 고종은 승녕 부총장 조민희를, 내각은 총리 대신 이완용을 위로대사로 임명했다.  이들과 함께 통감부 파견원과 한성부민회장 유길준 등이 함께 청나라의 다롄으로 파견되었다. \n\n이토의 장례식은 11월 4일 도쿄에서 거행되었습니다. 순종은 장례절차의 공식 발표와 함께 안중근을 '오수(吾, us)'라 지칭하며 조의를 표한 전보를 보내고 곧바로 조문단을 결성해 장례에 참여했다. . . 조례의 대표자는 고종의 특사 박제빈, 순종의 사신 민병석, 의민세자의 모친 엄주익, 황귀순헌, 조씨 등으로 구성됐다. 정은 내각 대표. 두 사람은 10월 30일 장례를 치르기 위해 시신과 함께 서울을 출발해 11월 7일 귀국했다. \n\n황실과 대한제국 정부는 조례단을 파견하여 이토의 죽음이 일본에 머무는 의민군에게 미칠 국내외 정세 변화에 대해 알아보았다. 이완용 총리는 조정응에게 일본의 대한제국 정책을 물어보기까지 했다. 조례단의 파견과 더불어 이토의 죽음을 애도하는 분위기도 조성됐다. 경건한 애도를 위해 서울에는 엄숙한 분위기가 조성되었고 순종과 의진왕을 비롯한 고위 관리들이 총사령관실을 찾아 위로하였다. 일본 유학 중이던 의민군은 주인이 돌아가신 사례를 따라 석 달간 복제됐다.",mrc-1-001163,이토의 사망으로 위문사절단이 파견된 곳은?,한국왕실정부대표이등박문조례단
1649,"{'answer_start': [877], 'text': ['니샤푸르']}","가잔이 태어났을 때 몽골 제국의 지도자 훌레구 울루스는 그의 할아버지 아바카 한이었습니다. Ghazan의 아버지 Argun은 Abaka Han에 의해 Hurasan으로 보내진 Amir였습니다. Ghazan은 Durben 출신의 Kutluk Katun의 아들인 Argun의 장남이었습니다. 그는 Abaka Han의 가장 좋아하는 아내인 Bulukan Cartoon의 Ordo에서 자랐습니다. \n\n가잔은 형 을제이투처럼 불교도로 성장했습니다. 몽골인들은 전통적으로 많은 종교에 관대했고, 어렸을 때 가잔을 가르쳤던 Kaan Ulus의 승려들에게 몽골어와 위구르어 텍스트로 교육을 받았습니다. \n\n1284년에 테쿠데르가 폐위되고 가잔의 아버지 아르군이 칸을 대신했습니다. Ghazan은 11세에 Amir가 되었고 Bulukan Katun Ordo에 있는 다른 사람들과 함께 Hurasan으로 이사했습니다. \n\n훌레구 이전에 페르시아를 통치한 오이라트 귀족의 아들인 나우루즈는 1289년에 반란을 일으켰습니다. 패배 후 나우루즈는 훌레구 울루스를 떠나 카이두와 동맹을 맺었다. 가잔은 중앙아시아에서 차가타이 울루스의 침입을 막기 위해 10년 동안 국경에 머물렀다. \n\n1291년에 그의 아버지 Argun이 사망했지만 Ghazan은 Nauruj의 침공을 막고 Hurasan과 Nishapur의 반란과 기아에 대처해야 했기 때문에 왕위를 주장하는 데 어려움을 겪었습니다. 칸의 3대를 도우며 아르군의 죽음과 어떤 식으로든 관련이 있었던 군사령관 타가차르는 가잔의 삼촌 가이하투를 새로운 칸으로 지지했다. 가잔은 가이하투에게 충성했지만, 후라산의 날씨가 너무 습해서 종이를 다루기 어렵다는 이유로 가이하투의 지폐 도입 정책을 거부했다.  1294~1295년 가잔은 니샤푸르에서 나우루즈의 항복을 받아냈고, 나우루즈는 가잔의 부관이 되었다. \n\n가잔은 가이하투의 뒤를 이어 쿠쿠친을 아내로 맞이합니다. Kukuchin은 Marco Polo도 참여했던 Kaan Ulus에서 캐러밴을 통해 이란으로 왔습니다. Kukuchin은 원래 Ghazan의 아버지 Argun과 약혼했지만, Argun은 Kukuchin이 여행하는 동안 죽고 대신 Argun의 아들 Gazan과 결혼했습니다.",mrc-0-002526,가잔이 나우루즈의 굴복을 얻어낸 곳은?,가잔 칸
1647,"{'answer_start': [356], 'text': ['일진회']}","만주인민회는 당시 일본제국의 행정권이 아니었던 남만주일본영사관의 지휘·감독하에 1920년에 설립되었다. 주요 기능은 만주에서 무장한 항일군을 파괴하고 민간인을 통제 및 보급하는 것입니다. 초대 회장은 최정규였다. \n\n1919년 3.1운동 이후 독립을 쟁취한 세력을 무력화하고 만주에 독립을 쟁취하는 세력이 집결할 때 무장조직을 통한 망명작전을 수행하기 위한 목적이었다.滿鮮一体 (만주와 조선은 하나다) ), 이후의 만주국 건국이나 다섯 부족의 화합 사상과 관련이 있습니다. 일본제국은 만주인민회를 통해 친일군을 만주에 대대적으로 배치하고 조선인 이민을 최대한 활용하여 대륙정책을 추진하였다. \n\n최정규를 비롯하여 핵심 세력이 옛 일진회 출신들이라 일진회 및 제우교와 관련이 깊다. 경비대는 일본 정부의 지원을 받았고 관동군이 지휘했다. 이토 히로부미의 양녀로 알려진 여성 스파이 배정자가 그룹 결성에 깊숙이 관여했다는 설도 있다. \n\n보민회는 1920년 7월 김명봉, 박희광, 김광추, 김병현의 공격을 받았고, 이 사건은 독립군인 통의부 조직에 큰 영향을 미쳤다.",mrc-0-002523,최정규는 예전에 어디 소속이었나?,만주보민회
113,"{'answer_start': [578], 'text': ['성인']}","팔공산(叭公山)은 전라북도 장수군과 진안군 사이에 있는 해발 1,151m의 산이다. 장수읍 남서향 20리에 위치한 해발 1,151m의 고산으로 소백산맥에서 노령산맥의 기점이 된다. 장수 일대는 거의 전 지역이 소백과 노영의 분지계곡이다. 금강과 섬진강의 최상류가 되어 물에서 분별되어 남쪽으로 흘러 물이 다른 한편으로 금강이 되고 물이 섬진강이 된다는 사실에서 유래한 것으로 해석된다. 수준. 북쪽의 수위상류는 장수, 천천, 진안, 용담, 영동, 옥천, 대덕, 연기군에 이르는 산을 따라 발원하여 상승한다. 그래서 물이 다시 돌아간다고 하여 역산삼백리라고 하고, 산이 오면서 위로 올라간다고 하여 역산산백리라고 한다. 추풍령을 지나 덕유산, 장안산, 팔공산으로 갔다가 다시 추풍령 밑바닥으로 돌아간다는 뜻이다. 따라서 팔공산을 호남의 진산이라 하는 의미는 성수산, 마이산, 주졸산, 남로, 북로가 팔공산과 연결되어 충청도의 일부가 이 산의 영향을 받고 경남이 경계이며 전체가 팔공산과 연결되어 있기 때문이다. 호남의 연결됩니다. 이 산에는 기원 6세기경에 팔성사라는 고찰이 창건되었고 팔성사에 예속된 암자 8개소가 있었는데 암자마다 성인이 한 분씩 거처하고 있었으므로 팔성사로 이름을 지었다고 한다.",mrc-0-000179,팔성사의 8개의 작은 절마다 사는 사람은?,팔공산 (전북)
2380,"{'answer_start': [439], 'text': ['사람 인']}","향교는 공자와 여러 성인에게 제사를 바쳐 지역 사람들을 교육하고 교화하기 위해 국가에서 설립한 교육 기관입니다. \n\n6·25전쟁 때 기록이 소실되어 정확한 건립연대는 알 수 없으나 태조 7년(1398년) 서본리에 창건되어 18년에 현재의 위치로 이전하였다. 태종(1418). 현재까지 여러 차례 보수 공사를 거쳤지만 건설 당시 여러 건물이 화재로 소실되었습니다. \n\n현재는 사당인 대성전, 교육의 공간인 명륜당, 정문인 외삼문, 음식을 만드는 곳인 주가 있다. \n\n현장은 전면에 교육 공간, 후면에 의례 공간이 있는 3개의 층으로 나뉩니다. 바깥삼문으로 들어서면 계단 위에 명륜당이 나타난다. 옆에서 보면 8분의 1처럼 보이는 팔각지붕의 방 7개짜리 건물이다.  뒤쪽 대성전은 공자를 비롯하여 중국과 우리나라 성현의 위패를 모신 6칸 규모의 건물로, 지붕은 옆면에서 볼 때 사람 인(人)자 모양인 맞배지붕으로 소박하게 지었다. \n\n조선시대에는 국가가 지원하는 토지, 노예, 책으로 학생들을 가르쳤지만 지금은 교육적 기능이 사라지고 조상의 기능만 남아 있습니다.",mrc-0-003623,대성전의 지붕을 옆에서 보면 무엇처럼 보이나?,예천향교
508,"{'answer_start': [469], 'text': ['아테나 신전']}","레오니다스 2세는 클레오메네스 2세의 손자이자 왕이 되지 못한 클레오네우스의 아들이었다. 레오니다스는 젊은 아레우스 2세의 양육권을 맡았고, 그가 죽은 후 노년에도 불구하고 왕위를 계승했습니다. \n\n왕위에 오르기 전까지 오랫동안 시리아의 셀레우코스 2세를 섬기며 동양의 풍습을 지켜온 레오니다스는 스파르타인 리쿠르고스 제도 시민들의 일탈을 용인하고 부유층의 편에 섰다. . 그는 또한 공동 통치자인 Euryphon 왕조의 왕인 Achish IV가 추진한 가난한 사람들을 위한 개혁에 반대했습니다. 그래서 아기쉬 종파의 에포로스인 리산드로스는 외국에서 자라 외국 여자와 결혼한 레오니다스를 불쾌하게 여겼다. 그는 ""헤라클레스의 후손 스파르타 시민이 이방 여자와 아들을 낳지 못하게 하고 스파르타에서 이주한 사람은 누구든지 죽이지 말라""는 옛 법을 듣고 레오니다스는 아버지보다 먼저 스파르타를 멸망시키겠다고 맹세했다. 탄핵  레오니다스는 아테나 신전으로 도망쳤지만, 유죄 판결을 받고 왕위에서 쫓겨나 기원전 240년에 아카디아로 망명했다. 레오니다스의 사위 클레옴브로투스 2세가 왕위에 올랐다. 그러나 이번에는 Achish가 Leonidas의 목숨을 앗아갈 생각이 없었고, 이로 인해 Achish는 파멸되었습니다. \n\n그 후 에포로스 아게실라우스의 도움으로 레오니다스는 집으로 돌아와 아기쉬와 클레온브로투스에 대한 복수를 시작했습니다. 장녀의 부탁으로 목숨을 건지는 못했지만 클레온브로토스를 추방하고 아키스를 사로잡아 할머니와 어머니를 모두 처형하고 스스로를 회복했다. 또한 아기쉬의 아내 아기아티스(Agiatis)는 막대한 부와 뛰어난 미모를 자랑했고, 레오니다스는 그녀를 그의 아들 클레오메네스 3세(Cleomenes III)와 강제로 결혼시켰다. 그의 아들인 클레오메네스 3세가 그의 뒤를 이어 왕위에 올랐다.",mrc-0-000758,레오니다스가 아카디아로 가기 전 머물렀던 곳은?,레오니다스 2세
1143,"{'answer_start': [480], 'text': ['화석연료']}","지속 가능성과 보안의 관점에서 여러 장비 또는 장치에 사용되는 에너지원은 통합될수록 좋습니다. 따라서 난방 및 운송 부문의 에너지원을 전기로 통합하면 다양한 부문에서 재생 에너지에서 생산된 전기를 효율적으로 사용하여 총 에너지 소비를 줄일 수 있습니다. 이러한 '섹터 간 융합'은 다양한 장치의 에너지원을 전기로 변환하는 '전기화'를 통해 달성할 수 있습니다. 또한 전기를 사용하는 장치는 작동 중에 온실 가스를 배출하지 않으므로 발전 부문만 탈탄소화할 수 있다면 전체 에너지 시스템의 탄소 배출량을 크게 줄일 수 있습니다. \n\n히트 펌프가 대표적인 예입니다. 히트 펌프는 전기를 사용하여 낮은 온도에서 높은 온도로 열을 이동시키는 장치입니다. 현재 상용화된 기술 중 단일 기술이 온실가스 배출에 가장 크게 기여할 것으로 예상된다. 냉장고나 냉난방 장치를 건물에 적용하는 개념 기술이라고 볼 수 있습니다.  열펌프 기술이 적용된 국제에너지기구(IEA)는 화석연료를 사용하는 건물 난방시스템 중 30%만 열펌프로 교체해도 연간 8% 가량의 탄소배출량을 줄일 수 있을 것으로 내다봤다. 또 다른 장점은 화석연료를 사용하는 보일러처럼 배기가스가 발생하지 않아 대기오염물질을 배출하지 않는다는 점이다. 열 펌프와 마찬가지로 전기 자동차는 에너지 효율을 높이고 대기 오염 물질 배출을 줄이는 데 유용합니다. \n\n반면에 에너지를 소비하는 과정에서 필연적으로 열에너지 형태의 손실이 발생합니다. 손실열은 일을 하지 않고 낭비되는 에너지입니다. 따라서 이러한 에너지를 회수하여 재사용할 수 있다면 에너지 시스템의 전반적인 효율성을 크게 향상시킬 수 있습니다. 전형적인 예는 완전한 탈탄소 에너지 시스템으로의 전환에 대한 과도기 형태인 복합화력 발전소입니다. 화력 발전소는 최대 40% 더 효율적입니다. 이는 투입 연료 에너지의 40%만이 전기로 전환될 수 있음을 의미합니다. 나머지 60%의 에너지는 열 에너지의 형태로 손실됩니다. 이 손실된 열에너지를 도시의 블록에 온수를 공급하는 지역난방에 사용함으로써 효율을 70% 수준까지 높일 수 있습니다. 폐기물 소각 시 발생하는 열은 주로 복합화력발전소의 연료로 사용되지만 태양열이나 지열을 지역난방에 적용하는 방법이 활발히 연구되고 있다. \n\n운송 부문의 전기화도 중요한 요소입니다. 지하철을 비롯한 철도 네트워크는 이미 상당 부분 전기화되었으며, 도로 교통에 전기 자동차가 빠르게 보급되고 있습니다. 하지만 전기차의 핵심 부품인 배터리 생산 과정에서 상당한 양의 온실가스가 배출된다는 점을 감안해야 한다. 전기자동차에 사용되는 전기를 화력발전으로 생산할 때 전기자동차는 자동차의 전체 수명주기 동안 내연기관차보다 더 많은 온실가스를 발생시킵니다. 이는 차량의 전기화가 재생 가능 에너지로의 전환과 함께 진행되어야 함을 의미합니다. 2009년 현재 유럽 전력 포트폴리오를 기반으로 한 계산에 따르면 전기 자동차는 내연 기관보다 탄소를 최대 56% 적게 배출합니다. \n\n그러나 에너지 전환의 다른 요소에 비해 운송 부문을 전기화하는 데 오랜 시간이 걸릴 것입니다. 현재 비행기, 대형화물트럭, 선박의 전기화는 어렵다. 이러한 차량은 고출력을 필요로 하기 때문에 배터리의 무게가 항공기의 무게를 과도하게 증가시켜 효율성을 떨어뜨리기 때문에 장착해야 하는 배터리의 용량도 크다. 고출력을 필요로 하는 교통수단의 대안으로 전기로 생산되는 바이오연료나 수소가 연구되고 있다.",mrc-1-001751,열펌프 보다 탄소배출량을 더 많이 배출하는 시스템은 어떤 연료를 사용하나요?,에너지 전환
3173,"{'answer_start': [196], 'text': ['안나 콤네나']}","1096년 그는 콘스탄티노플에 도착하여 도시를 공격하기 시작한 폭력적인 십자군을 저지했습니다. 1097년 알렉시우스는 니케아를 공격하는 십자군을 지원하기 위해 치타스 장군과 2,000명의 펠타스트와 함께 타티키우스를 니케아로 보냈다.  십자군 역사가인 아익스의 알베르(Albert of Aix)는 투르크와 십자군 사이에서 사절 역할을 했다고 하는데, 안나 콤네나의 믿을 수 있는 기록에 의하면 그는 십자군들이 모르게 니케아의 항복을 받아내기 위해 부투미티스와 함께 비밀 협상에 나섰다. 이 사건은 라틴계와 그리스계 사이에 깊은 분열을 일으켰습니다. \n\n그러나 타티시우스는 아나톨리아 전역의 십자군과 동행하라는 지시를 받았습니다. 이것은 안내자 역할을 하는 동시에 점령된 영토를 비잔틴 제국으로 반환하는 것이었습니다. 니케아를 떠나면서 십자군은 두 그룹으로 나뉘었습니다. Tatychius는 Normans 그룹(Giscard의 아들 Taranto의 Bohemont와 그의 조카 Tancred, Normandy의 Robert)과 Flemish(플랑드르의 Robert)를 따르기 위해 왔습니다. 게스타 프랑코룸(Gesta Francorum)에 따르면, 타티키오스(Tatikios)는 종종 터키인의 잔학성을 경고했습니다. \n\n안티오크 공성전 동안 아길레라의 레이몬드는 타티키오스가 교외를 포위하기 위해 십자군에 의해 흩어진 후 도시를 공격할 것을 제안했다고 썼습니다. 이것은 식량 부족을 피하기 위한 조언이었지만 곧 무시되었습니다. 1098년 2월 Tatychius는 전장을 떠났고 Anna Komnena에 따르면 Tatychius는 Boemont로부터 다른 십자군이 그를 불신하고 그의 생명을 위협했다는 소식을 들었습니다. 그러나 반면에 보에몽은 타키우스가 겁쟁이이자 배신자이며 콘스탄티노플에서 지원군을 데려온다는 약속에도 불구하고 군대를 떠나 돌아오지 않을 것이라는 소문을 퍼뜨렸다.",mrc-0-004872,타티키오스가 비밀협상에 나선 것은 누구의 기록을 통해 알 수 있나요?,타티키오스
161,"{'answer_start': [448], 'text': ['""배낭의 남자""']}","전나무 볼그(Fir Bolg)는 9세기 텍스트인 브리튼의 역사(History of the Britons)에서 처음으로 언급되었으며, 여기서 그는 Builc라고 불립니다. 그들에 대한 자세한 정보는 ""모이투라 전투"" 및 에린 침공의 서에서 찾을 수 있습니다. 여기에서 전나무 볼그는 네메드의 후손이라고 합니다. Nemeds는 Fir Bolg 이전에 Erin에 살았던 사람들이었고, 그들 중 30명만 남기고 모두 죽었습니다. 이 30명의 사람들은 에린을 탈출하여 달아났는데, 한 그룹은 ""세계의 북쪽""으로, 한 그룹은 영국으로, 다른 한 그룹은 그리스로 갔다고 합니다. 세계의 북쪽으로 간 사람들은 Tourher de Dannon이 되었고 그리스로 간 사람들은 Fir Bolg가 되었습니다.  《에린 침략의 서》는 피르 볼그는 그리스인들의 노예가 되어 점토 배낭을 옮기는 일을 해야 했다고 하며, 여기서 ""배낭의 남자"" 라는 뜻으로 ""피르 볼그""라는 이름이 붙었다고 한다. '모이투라 전투'에서는 척박하고 바위투성이의 땅에서 어쩔 수 없이 살게 되었지만, 엄청난 양의 흙을 부어 개간하여 비옥한 땅을 만들었다고 한다. 230년 동안의 노예 생활(또는 압제) 후에 그들은 이스라엘 사람들이 이집트를 탈출함과 동시에 그리스를 탈출했습니다. 볼그 전나무는 이베리아 반도를 거쳐 에린 땅에 이르렀다고 한다. Fir Bolg에는 5명의 영주가 있었기 때문에 Erin의 땅은 5개로 분할되었습니다. Gann 막은 북부 Munster, Sengan 막은 남쪽 Munster, Gennan은 Connaught, Rudrager 막은 Ulster, Sliner 막은 Lanster를 먹었습니다. 이 영주들은 최고왕의 왕좌를 만들었고, 그 후 37년 동안 9명의 최고왕이 에린을 통치했습니다. Fir Bolg의 마지막 최고 왕인 Ohad Mak Erk는 신성한 군대의 완벽한 본보기였다고 합니다. \n\n37년 후, 투르헤 드 다농이 에린에 도착했습니다. De Danan의 Nuada 왕은 Fir Bolg에게 Erin의 절반을 요구했지만 Fir Bolg의 왕 Ohad는 거절했습니다. 두 파벌은 모이투라 전투인 발가탄 고개에서 4박 4일 동안 싸웠다. 이 전투에서 Fir Bolg의 상인 Sreng은 Nuada에게 일기를 요청했습니다. 검을 한 번 휘두른 세렝은 누아다의 오른팔을 잘랐다. 그러나 Fir Bolg는 결국 패배하고 그들의 왕 Ohad는 Morian에 의해 살해되었습니다. 스렝은 고군분투했고 완전한 멸종을 피할 수 있었습니다. \n\n일부 텍스트에서 볼그 전나무는 에린의 땅에서 도망쳤습니다. 또 다른 문서에 따르면 De Danan은 Fir Bolg에게 Erinn의 땅의 4분의 1을 주고 Fir Bolg는 Connott에 살았습니다. 그러나 그 이후로 전나무 볼그는 신화에 거의 등장하지 않았습니다.",mrc-0-000247,피르 볼그라는 이름은 어떤 의미를 지니는가?,피르 볼그
1016,"{'answer_start': [526], 'text': ['해밀턴']}","몇 가지 주요 예외를 제외하고 캐나다의 법은 입법부에서 흑인의 평등을 주장했습니다. 캐나다 영연방(Commonwealth of Canada)이 형성될 때까지 이것은 영국법을 의미했으며, 영국의 보존을 위임하는 보수당 후보를 지원하는 데 헌신한 흑인을 의미했습니다. 그 이후로 흑인들은 모든 정당에서 활동했으며 지난 30년 동안 보수당, 자유당, 신민주당 의원으로 선출되었습니다. \n\n직접적인 정치적 영향력을 행사할 만큼 충분히 큰 그룹을 형성한 적이 없음에도 불구하고 소수의 흑인 개인은 정치적 상황에 중요한 기여를 했습니다. 1860년대 빅토리아 시의회 의원이었던 Mifflin Gibbs는 한 세기 이상 동안 아프리카계 미국인 시의원과 교육청과 함께 브리티시 컬럼비아의 연방 가입과 1894년부터 1907년까지 토론토에서 대표단이었습니다. William Peyton Hubbard 전 시의원, 관리인 및 부시장. \n\n 레너드 브래스웨이트는 1963년 온타리오 주에서 선출된 주의 입법부에 선출된 최초의 아프리카계 캐나다인이었고, 해밀턴에서 온 링컨 알렉산더는 1968년 첫 흑인 연방 의원이 되었다. Emery Barnes와 Rosemary Brown은 모두 1970년대에 브리티시 컬럼비아 주의회 의원으로 선출되었습니다. 링컨 알렉산더가 온타리오 주지사가 되었고, 앨빈 컬링이 온타리오 내각에 합류했으며, 앤 쿨스가 상원에, 하워드 맥커디가 하원에 선출되면서 새로운 영예를 얻었습니다. 1990년에 Halifax의 Donald Oliver가 상원에 합류했고 Janada Arkande는 온타리오 내각의 의원이 되어 캐나다에서 내각에 오른 최초의 흑인 여성이 되었습니다. 1993년 Wayne Adams는 Nova Scotia 내각에 들어갔고 그 해에 Jean Augustine, Hedy Fry 및 Ovid Jackson의 3명의 흑인 의원이 연방 선거에서 선출되었습니다. 1996년 밴쿠버 출신의 Heady Fry가 내각으로 임명되었습니다.",mrc-0-001549,1968년에 흑인으로서 최초로 연방 의원이 된 인물은 어느 도시 출신인가요?,아프리카계 캐나다인
545,"{'answer_start': [319], 'text': ['박치음']}","반전반핵노래는 1986년 발표된 대한민국의 노래이다. 서울대 성악동아리 에코의 창단 멤버인 박치음이 작사, 작곡을 모두 맡았다. \n\n1980년대 후반 집회와 시위에서 큰 인기를 얻었습니다. ""제국의 발톱은 이 강한 땅 아래에 떨어진다""라는 가사로 시작하여 ""나라의 생존은 핵폭풍 직전에 섰다""는 절박함과 ""이 생명 없이"" 싸우겠다는 결의를 표현하고 있다. 비극적 인 느낌을줍니다. 특히 곡 시작 전 '반핵, 양키고 홈'이라는 슬로건을 리드미컬하게 외치는 부분이 인상적이다. 이 슬로건은 노래의 끝에 반복됩니다. \n\n당시 서울대학교 대학원 박사 과정에 재학 중이던 박치음은 1986년 봄에 서울대생 김세진이 전방입소에 반대하며 분신자살한 사건에 충격을 받고 이 노래를 만들었다. 박사과정을 마치고 순천대학교 교수로 부임한 박치음은 이 곡이 대학가에서 역대급 히트를 치면서 어려운 상황에 처했다. \n\n'미국'이라는 표현은 직접적으로 나오지는 않지만, 반미감정, 광주민주화운동 이후 미국에 대한 배신감, 근대사에 대한 새로운 인식과 공감을 담고 있다. 1980년대 중반 이후 한국과 제3세계의 역사. 많은 사랑을 받았다는 평가가 있습니다.",mrc-0-000819,김세진의 죽음이 영향을 준 인물은?,반전반핵가
3186,"{'answer_start': [525], 'text': ['김복영']}","; 평론가 발췌 및 작가노트 \n\n이승조는 반복적인 기하학적 패턴 구성과 절제된 색조로 '환원'이라는 명제에 가장 잘 어울리는 대표적인 작가라고 할 수 있다. \n\n– 이일, 한국의 대표적인 기하학적 추상화, 1991\n\n\n부드러운 모노크롬의 절제되고 반복적인 변주에 따라 색띠와 색면이 서로 반응하여 화면 전체에 무한하게 퍼진다. 지속적인 고유 리듬. 그리고 은밀하게 진동한다. 그리고 거기에서 우리는 매우 차가운 모델링의 세계를 추구해 온 이승조의 내면에 숨겨져 있던 세련된 감성의 잔잔한 여운을 느낄 수 있다. \n\n- 이일, 한국 기하학 추상화의 모델, 1991\n\n\n이승조는 자신의 개인적이고 현대적인 상황사적 맥락에서 '평면과의 대결'을 그의 가장 큰 목표로 논리적이고 논리적 생각과 세상. 그는 의 구조를 추론한 강박적인 예술가였다. 그는 차원과의 대결을 통해 절대자에게로 돌아가려 했고, 이로써 전후 세대가 겪었던 허무주의를 극복했다. 그는 분명히 우리 현대 미술사에 기록되는 영광을 누릴 것입니다. \n\n– 김복영, 25년 음양대치적 환원의 시대, 1991\n\n\n많은 사람들이 지적 했듯이 고집스럽게 한 방향을 추진해 온 작가로서의 이승조가 갖는 이미지는 변화의 부침이 심한 우리의 풍토에선 대단히 귀중한 존재로 부각된다. 게다가 그가 우리 현대미술에서 보여준 집요한 논리화 작업은 논리적 작업의 전통이나 경험이 결여되어 있어 지극히 독특해 보인다. 이 하나의 작업 과정만으로도 그는 우리 현대 미술사에 남을 것입니다. \n\n-오광수, 확고한 조형의식 - 이승조의 세계, 1996\n\n\n저를 '통의 화가'라고 부르는 사람도 있습니다. 좋아하지도 않고 좋아하지도 않습니다. 이는 특정 대상의 동기를 전제로 하지 않는 반복 행위에 의해 객관성의 착시 현상이 드러난다는 것을 의미할 수 있다. 물론 근대 문명의 상징으로 도입된 것은 아니다. \n\n- 이승조 작가노트에",mrc-0-004906,이승조의 '평면과의 대결'을 높게 평가한 사람은?,이승조 (화가)
983,"{'answer_start': [99], 'text': ['미치모리']}","주에이 3년(1184) 1184년 2월 4일, 요시나카를 멸망시킨 노리요리와 요시쓰네는 후쿠하라를 공격하기 시작했습니다.  헤이케는 후쿠하라 주변에 방어진을 치고 노리쓰네가 형 미치모리와 함께, 무네모리로부터 명받은 1만 기를 거느리고 히요도리고에의 높은 지대를 지켰다. 미치모리가 아내에게 전화를 걸어 이별을 후회하자 노리츠네는 ""여기는 나를 보내야 하는 위험한 전장이다. 그런 무관심한 태도는 아무 소용이 없습니다. ""나무라고 합니다. 결국 2월 7일에 일어난 이치노타니 전투에서 헤이케는 참패하고 가문의 대부분을 잃었고, 노리츠네의 형 미치모리도 그곳에서 전사했다. \n\n'아즈마카가미'에는 노리츠네가 이치노타니 전투에서 야스다 요시사다(Yasuda Yoshisada)가 이끄는 군대에 의해 토벌되었고, 같은 달 13일 다른 일본 및 일본 국민의 수장들과 함께 교토로 보내졌다고 기록되어 있다. 누가 죽었어. 그러나 교쿠요는 당시 교토에 모셔진 이들 중 노리츠네만이 '죽지 않고 도망쳤다'는 소문이 있었다고 증언한다. . 사실 <아즈마카가미>에서는 노리츠네가 이치노타니에서 죽었다고 이전에 기록된 바와 같이 단노우라 전투의 전투 상황에 대한 보고서에서 헤이케 측의 사망자나 포로 중 누구도 노리츠네의 이름을 찾을 수 없습니다. Noritsune의 미래의 삶과 죽음에 대한 확실성은 없습니다.",mrc-1-001514,노리쓰네와 같이 히요리도리고에의 고지대를 지킨 사람은?,다이라노 노리쓰네
1578,"{'answer_start': [10], 'text': ['1996년']}","아테네 출신이다  1996년에 그리스 주니어 태권도 국가대표로 발탁되어 크로아티아의 자그레브에서 열린 유럽 주니어 선수권 대회에 참가하였다. 이 대회에서 독일의 미문 하다리에 패해 탈락했다. 같은 해 스페인 바르셀로나에서 열린 세계주니어선수권대회에 출전했지만 독일의 하다리에게 패했다. 이듬해인 1997년 그리스 파트라에서 열린 유럽 주니어 선수권 대회에서 리투아니아의 Algirdas Zulkevichus, 프랑스의 Malik Mokdad, 우크라이나의 Denis Ratkowski를 물리쳤지만 준결승에서 덴마크의 Philippe Levies에게 패하여 동메달을 획득했습니다. 메달. 얻은 \n\n1997년 유럽 선수권 대회 이후 시니어 대표팀 선수가 되어 홍콩 세계 선수권 대회에 그리스 대표팀으로 출전했지만 큰 성과를 거두지 못했다. 이듬해인 1998년 네덜란드 에인트호벤에서 열린 유럽 선수권 대회에서 이탈리아의 알레산드로 리엠마와 이스라엘의 다비드 샬롬을 꺾었지만, 다음 상대인 스페인의 가브리엘 에스파사에게 패했다. 이후 스톡홀름에서 열린 예선에서 2위를 하여 태권도가 정식종목으로 채택된 2000년 하계올림픽에 참가하였다. 람복마르파웅을 꺾었지만 다음 상대인 대한민국의 김대령에게 패했다. 이후 프랑스 리옹에서 열린 월드컵에 출전했지만 첫 상대인 이집트의 탈랏 아바다에게 6-0으로 패했다. \n\n올림픽 직전 그리스 파트라에서 열린 유럽 선수권 대회에서 벨라루스의 비탈 말레카, 아제르바이잔의 라샤트 마메도프, 헝가리의 쉬를림 요제프, 스페인의 미구엘 톨레도를 차례로 꺾고 금메달을 땄습니다. 이후 호주 시드니에서 열린 올림픽에 출전해 첫 상대인 이집트의 아바다를 3-0으로 꺾고 다음 상대인 중국 타이페이의 황지슝을 2-1로 꺾었다. 이후 준결승에 진출해 아르헨티나의 가브리엘 타라부레이를 2-1로 꺾고 결승에 진출했고, 결승에서는 스페인의 에스파사를 4-2로 꺾고 금메달을 땄다. \n\n올림픽 이후 2001년 본에서 열린 독일 태권도 오픈에서 우승했고, 그해 한국 제주시에서 열린 세계 선수권 대회에 페루의 알도 바리엔토스와 터키의 바사르 무스타파 바를 대표로 그리스 국가대표로 출전했다. . 그들은 Sar를 물리 쳤지만 다음 상대 한국의 강남원에 패했습니다. 이후 2002년 터키 삼순 유럽태권도선수권대회에 출전해 아르메니아의 수렌 사리코프를 꺾었지만 우크라이나의 올렉산드르 샤포시닉에게 판정패로 패했다. 2003년 독일 가르미슈파르텐키르헨 세계선수권대회에서 에스토니아의 로만 호르젠코, 벨기에의 아흐메트 바우티란, 터키의 크반치 딘치살만을 꺾고 한국의 고석화에게 패했다. \n\n2004년 그리스 아테네에서 열린 하계 올림픽에 그리스 대표팀으로 출전해 처음으로 태국의 우사다테 수티쿤칸을 5-2로 꺾었지만 차기 상대인 이집트의 타메르 바유미에게 패해 부활했다. 패자. 그러나 그는 도미니카 공화국의 가브리엘 메르세데스와의 경기를 앞두고 기권했다. 이후 2005년 스페인 마드리드 세계 선수권 대회에서 뉴질랜드의 아멘도 압디, 도미니카 공화국의 야코모 가르시아, 벨라루스의 샤헤이 사추크를 꺾고 다음 상대인 터키의 딘치살만에게 패했다. 그해 8월 터키 이즈미르 하계 유니버시아드 그리스 국가대표로 출전해 남자 67kg급에서 러시아의 세르게이 도소르체프, 캐나다의 토마소 피에리니, 독일의 에르달 아일란치를 꺾고 우승을 차지했다. 세네갈의 Valla Diye와 함께 동메달을 획득했습니다. \n\n그 후 2006년 독일오픈에서 준우승을 했고, 한국 서울에서 열린 세계육상선수권대회에 그리스 대표팀으로 참가해 동메달을 땄고, 2008년 세계육상선수권대회를 마치고 은퇴했다. \n\n2009년에 그는 그리스 모델인 Anastasia Ferraki와 결혼했습니다.",mrc-0-002411,미하일 무루초스가 독일 선수에게 2번 모두 패배했던 해는?,미하일 무루초스
2975,"{'answer_start': [95], 'text': ['인공 수정']}","임신(妊娠, 아기 배아, 임신)은 수정란이 자궁에 착상되어 자궁 밖으로 나올 때까지의 포유류 태아의 상태를 말합니다.  임신은 대개 자연적인 성관계를 통해 이루어지지만, 인공 수정과 같은 방법으로 이루어지기도 한다. 수정란은 정자와 난자의 결합으로 자궁에 착상되며 이 시점에서 임신이 시작되어 출산, 유산, 낙태로 끝납니다. 임신이라는 단어는 때때로 태아의 개념과 임신의 시작을 나타내는 데 사용됩니다. 이를 가임(懷妊, 재태)이라고 합니다. \n\n임신 우울증은 일반적으로 임신 6개월 경에 시작됩니다. 임신 초기에 발생하는 우울증은 입덧과 피로감에 의해 발생하지만 출산을 느끼자마자 사라지는 경향이 있습니다. 임신 2분기 이후에 발생하는 우울증은 아기가 태어난 후 약 6개월 동안 지속됩니다. 임신우울증은 임신 중 생기는 자연스러운 변화지만 심할 경우 태아에게 악영향을 미치고 육아에 장애가 될 수 있다. 임신우울증의 원인으로는 체형의 변화, 여성호르몬의 증가, 출산이나 육아의 부담 등이 있습니다. \n\n임신부가 잘못된 약물을 사용하거나 과음, 흡연을 하면 태아에게 다양한 장애를 일으킬 수 있습니다. \n\n청소년 임신도 위험이 높습니다. 청소년기가 임신하면 아기는 조산이나 저체중아 출산을 유발할 수 있으며, 패스트푸드와 같은 균형 잡힌 식단을 섭취하지 않아 부작용이 커질 수 있습니다.",mrc-0-004556,임신이 자연적으로 되지 않을 때 이용하는 방식은?,임신
921,"{'answer_start': [254], 'text': ['몬트리올 올림픽']}","Nelly Kim은 다가오는 몬트리올 올림픽 메달 획득의 주요 전망 중 하나와 1975년 캐나다 사전 올림픽 시험 이후 소련 대표팀의 사실상 지도자가 되었습니다. 시범경기에서 그녀는 개인종합운동에서 나디아 코마네치에 이어 2위를 했지만 도마, 대들보, 바닥운동에서 금메달을 땄다. 이듬해 열린 소비에트 컵에서 그는 올가 코르부트(Olga Korbut), 류드밀라 투리세바(Lyudmila Turisheva)와 같은 동포들을 꺾고 우승을 차지했다. \n\n몬트리올 올림픽에서 킴과 코마네치 사이의 라이벌 관계는 여자 체조 경기의 초점이 되었다. 뮌헨 올림픽 챔피언 Korbut와 Turisheva는 금메달을 놓고 두 명의 떠오르는 스타에게 희생되었습니다. 김연아는 단체경기, 스프린트, 마루경기에서 3개의 금메달을 획득했다. 그녀는 뛰어난 미모와 화려함, 위엄과 열정적인 스타일로 찬사를 받았다. \n\n몬트리올 올림픽 이후, Nelly Kim은 벨로루시 소비에트 사회주의 공화국으로 이주하여 소비에트 연방에서 그녀의 새로운 조국을 대표했습니다. 2년 후, 그녀는 세계 선수권 대회에서 도마와 마루 운동, 단체전에서 금메달을 땄고 개인 전체에서 Elena Muhina에 이어 2위를 했습니다. 1979년 세계 선수권 대회에서 그는 개인 종합 육상 경기에서 Maxi Gnautsk, Melita Lun 및 팀 동료 Maria Pilatova를 제치고 큰 성공을 거두었습니다. \n\n1980년 소비에트 컵에서 개인 종합 육상 우승, 모스크바 올림픽에서 마루 운동 9관왕. 그는 95득점으로 코마네치와 공동 우승을 차지했고, 단체전에서 또 다른 금메달을 땄다.",mrc-0-001404,넬리 킴이 금메달을 3개 획득한 올림픽은?,넬리 킴
91,"{'answer_start': [657], 'text': ['필수 지방산']}","지방산 섭취는 인간의 건강에 영향을 미칩니다. 연구에 따르면 포화 지방을 시스-불포화 지방으로 대체하면 심혈관 질환의 위험이 감소합니다. 예를 들어, 다음은 Cochrane Library의 무작위 대조 시험에 대한 2015년 검토 결과입니다. ""우리는 심혈관 질환의 위험이 있는 모든 사람들과 저위험군에 있는 사람들을 위한 생활 방식과 관련하여 포화 지방 섭취를 계속 줄이고 불포화 지방으로 부분적으로 대체할 것을 권장합니다."" \n\n많은 연구에서 트랜스 지방의 섭취가 심혈관 질환의 위험을 증가시킨다는 사실이 밝혀졌습니다. 하버드 T. 시간. Chan School of Public Health는 건강상의 이점을 위해 트랜스 및 포화 지방을 시스 단일 불포화 및 다중 불포화 지방으로 대체할 것을 권장합니다. 무작위 대조 시험에 대한 2014년 메타 분석에서는 지방과 콜레스테롤 섭취를 줄이는 것이 심혈관 질환에 영향을 미치지 않는다고 결론지었습니다. \n\n오늘날 많은 사람들은 중성지방(또는 지방)이 비만, 동맥경화, 심장 및 뇌혈관 질환, 고혈압의 원인이기 때문에 섭취를 기피하고 있습니다. 하지만 중성지방은 우리 몸에 꼭 필요한 영양소이기 때문에 무조건적으로 중성지방을 섭취하지 않는 것은 좋지 않습니다. \n\n지방산 중 사람의 몸에서 만들어지지 않는 지방산을 필수 지방산이라고 하는데, 필수 지방산은 반드시 음식으로 섭취해야 하므로 우리 식생활에서 결핍되지 않도록 주의해야 한다. 필수지방산이 결핍되면 발육부진, 탈모, 신부전이 발생합니다. 필수지방산 중 연어, 고등어, 참치 등의 생선은 일반 대중에게 알려진 오메가-3 지방산의 주요 공급원입니다. 오메가-3 지방산에는 도코사헥사엔산(DHA)과 에이코사펜타엔산(EPA)이 있습니다. 도코사헥사엔산은 뇌 발달을 촉진하고 노인성 치매를 예방하며 학습 기능을 향상시킵니다. ~하다",mrc-1-000144,신체에서 만들어지지 않아 음식으로 보충해야 하는 지방산을 무엇이라고 하는가?,지방
617,"{'answer_start': [281], 'text': ['황도철학이라는 어용 학문을 연구해 다수의 논설을 발표한 일']}","제주도 남제주군 출신이다. 1927년 와세다 대학 경제학부를 졸업한 후 일본에 머물면서 역사 연구를 수행했습니다. 와세다대학교 재학 시절 고향 남제주군 성산읍에서 청년회를 조직하고 계몽운동을 펼치며 경찰관으로서 경찰의 주목을 받았다. \n\n와세다대학 연구실을 거쳐 오사카시내에서 근무하며 1933년 《조선근대 흥망사》, 1937년 《극동의 위기에 맞서다》 등의 저서를 출간했다. 이 무렵 고권삼의 《조선근대정치사》는 민족의식을 고취시키는 위험한 책으로 평가받았다. \n\n그러나 일제 강점기 말기에는 황도철학이라는 어용 학문을 연구해 다수의 논설을 발표한 일이 있다. 이 때문에 2008년 국립국어원에서 친일 인명사전 등재 대상으로 선정된 친일 인명사전에 등재될 예정인 명단의 해외 부문에 포함됐다. \n\n태평양 전쟁이 끝난 후 동국대학교 교수가 되었습니다. 동시에 서울대학교 강사로 재직하면서 《조선정치사》(1948)를 출간했다. \n\n대한민국 2차 총선에서 고향 남제주에서 무소속으로 출마했으나 낙선했다. 6·25전쟁 당시 서울에서 실종돼 유괴된 것으로 알려졌다. 실종 당시 그의 나이는 약 50세였다.",mrc-0-000934,고권삼이 친일인명사전 수록예정자 명단 중 해외 부문에 포함된 이유는 무엇 때문인가?,고권삼
1222,"{'answer_start': [615], 'text': ['에라스무스']}","이중 예정과 관련된 일반적인 오해 중 하나는 이중 예정이 인간의 선택의 자유를 부정한다는 것입니다. 그러나 예정론은 인간의 선택론이 아니라 인간 영혼의 상태론, 즉 인간에게 자유선택권은 틀림없이 주어지지만, 원죄로 타락한 자연인은, 그것은 우리가 자유로운 선택으로 하나님을 사랑하기로 선택하지 않는다는 것을 의미하며, 이것은 하나님이 사람의 마음을 변화시키고 그를 새롭게 할 때까지 계속됩니다. \n\n다시 말해서, 육에 속한 사람은 자신의 자유로운 선택에 따라 항상 죄의 노예가 되는 길을 택합니다. 따라서 이중 예정 이론 \n*은 자연인이 ""원하는"" 선택을 할 수 있다는 자유로운 선택을 인정하지만, 자연인의 ""소원"", 즉 그의 ""의지""가 죄의 지배를 받습니다. 가르치다 \n\n이 점과 관련하여 기독교 역사에서 두 가지 주요 반대 입장이 있었습니다.\n* 시너지 효과: 하나님은 구원의 길을 제공하지만 사람이 선택하는지 여부는 사람에게 달려 있습니다. 가지다. 다시 말해 구원은 하나님과 사람의 협력입니다. \n* Monergism: 하나님이 구원의 길을 마련해 주셨을 뿐만 아니라 하나님께서 인간이 하도록 허락하셨을 때에만 가능하다. 다시 말해서 구원은 오직 하나님께 달려 있습니다. \n\n에라스무스는 개혁주의의 단독설에 대해 ""그렇다면 누가 노력하며 자기 삶을 개선하려 할 것인가?"" 하고 물었다. 이에 루터는 이렇게 대답했습니다. ""아무도 할 수 없습니다! 아무도 할 수 없습니다! 위선자이기 때문에 하나님께서 당신과 같은 자기 계발 사람들을 다루실 시간이 없습니다. 택함을 받은 자 곧 하나님을 경외하는 자는 성령으로 말미암아 향상되리라 나머지는 개선되지 않고 멸망할 것입니다."" 에라스무스도 묻자 ""하나님이 그를 사랑하신다는 것을 누가 믿겠습니까?"" 루터는 ""아무도 없습니다! 아무도 할 수 없습니다! 택한 자만이 믿게 될 것입니다. 그리고 나머지 사람들은 믿지 않고 멸망하지 않을 것입니다. 당신이 말했듯이, 분노와 신성 모독. \n\n협조주의를 주장하는 신학적 이념을 넓게는 알미니안주의라고 하고, 일방주의를 주장하는 신학적 이념을 넓게는 어거스틴주의라고 한다. 물론 예정론은 어거스틴의 것이다. 오늘날 어거스틴주의를 옹호하는 교단은 장로교와 개혁교회이며, 다른 교단은 대부분 알미니안주의를 따른다. \n\n보통 협력론을 주장할 때 구원은 사람의 결정에 달려 있기 때문에 한 번 구원을 받은 사람도 장래에 구원을 잃거나 취소할 수 있다고 주장합니다. 그러나 독립론을 주장한다면 구원은 하나님의 택하심으로 시작하여 하나님이 완성하시기 때문에 한번 시작된 구원은 취소되거나 실패할 수 없다는 주장이 나온다.",mrc-0-001861,구원이 취소될 수 없다는 신학 사상에 반문한 사람은?,예정
852,"{'answer_start': [96], 'text': ['《탐사기획 스트레이트》']}","2019년 4월 29일 MBC에서 방송된 '발굴 직진'에서는 대한민국 정부로부터 독립유공자로 지정된 송세호가 일본군을 운영한 조선인이라는 의혹이 제기됐다. 군사 위안소.  《탐사기획 스트레이트》 취재 과정에 참여했던 중국 상하이 사범 대학 연구원과 교수의 증언에 따르면 송세호는 중일 전쟁 시기였던 1939년에 상하이에 설치된 일본군 위안소 가운데 한 곳인 '극동 댄스홀'을 경영한 조선인이라고 한다. 또한 송세호는 상하이의 '극동무용당' 외에 일본군 위안소 '삼신리 2호기'를 운영한 것으로 전해졌다. 1939년 11월 8일자 동아일보는 송세호를 '중국 상하이의 대표적인 한국 기업가'로 소개하면서 ""'극동'을 운영하는 민첩하고 우호적이며 수완이 뛰어난 인물""이라고 평가했다. , 국제 사교 모임 장소."" . \n\n탐사계획 스트레이트의 보도에 따르면 ""대한민국 보훈처 공보에 따르면 송세호는 중국 상하이 쓰촨북로에 덕창담배공장을 설립하고 독립운동을 하고 있지만 그런 기록은 어디에도 없다. ""라고 말했다. 또한 ""송세호와 함께 담배공장 운영에 참여한 인물들이 친일국학사전에 등재됐다. ""라고 지적했다. 1939년 7월 8일 일본 검사가 경성지방검찰청에 '남화조선청년동맹 인사체포 사건'이라는 문건을 제출했다고 남화조선청년동맹 관계자가 말했다. 어려서부터 일본에서 밀수를 해온 친일교포 세호 씨가 돈 등 귀중품을 강탈하고 독립운동에 자금을 댔다”고 말했다. 이에 대해 보훈처는 “독립유공자 선정의 검증 단계에서 심사가 이뤄지지 않은 것으로 파악돼 조사에 착수할 것”이라고 말했다.",mrc-0-001301,송세호가 '삼신리 2호'를 운영했다고 보도한 곳은?,송세호
2453,"{'answer_start': [60], 'text': ['말']}","켄타우로스(Κένταυροι)는 그리스 신화에 나오는 수인(비스트맨)이자 상반신은 사람의 모습이고 하반신은 말인 상상의 종족의 일종이다. 몸의 말 부분은 태양에 속한 남성적인 힘을 나타내며, 이 힘을 지배하는 영은 상체의 인간 부분에 있습니다. 한마디로 켄타우로스는 덕과 판단의 고귀한 본성에 반대되는 인간의 열등한 본성을 상징한다. \n\n켄타우로스는 그리스 동부 지역 테살리아의 왕 익시온의 후예라고 합니다. 신화에 따르면, 익시온은 어느 날 신들의 축제에 참석하기 위해 올림포스 산에 갔고 그곳에서 헤라를 보고 첫눈에 반했다고 합니다. . Ixion은 구름을 헤라와 혼혈로 착각했고, 켄타우로스가 태어났습니다. \n\n켄타우르스는 대초원에서 무리를 지어 생활하며 대부분은 야생적이고 탐욕스러운 성격을 가지고 있습니다. 그들은 55세까지 살 수 있지만 대부분 40세에 죽거나 죽임을 당하기 때문에 죽습니다. 폭력적이라는 뜻입니다. 또 술을 너무 좋아해서 자주 취해서 소란을 피우기도 한다. 따라서 술의 신 디오니소스의 추종자 대열에 합류한 사람은 많지 않았다. \n\n켄타우로스의 악행 중 가장 널리 알려진 것은 대혼란을 일으킨 테살리아 왕의 결혼식 이야기입니다. 사람들과 친분을 쌓은 켄타우로스를 하객으로 초대했지만, 잔치가 한창일 때 술에 취해 신부를 모욕하고 욕을 하는 사람들도 있었다. 이로 인해 인간과 켄타우로스 간의 유혈 전쟁이 벌어졌습니다. 결국 켄타우로스들은 전투에서 패하고 테살리아를 떠났고, 남은 사람들은 대부분 헤라클레스에게 죽임을 당했습니다. \n\n그러나 모든 켄타우로스가 호전적이고 폭력적인 것은 아닙니다. Chiron이라는 이름의 켄타우로스는 의학, 음악, 사냥, 예언에 능했고 결코 죽지 않을 운명이었습니다. 아폴로와 아르테미스 형제에게 가르침을 받은 키론은 그리스 신화의 영웅들(헤라클레스와 같은)의 대부분을 제자로 삼았다. 카이론은 의학에 뛰어나 죽은 자를 소생시켰기 때문에 명계의 신, 명계의 왕인 하데스의 분노와 원한을 끌어냈다. 그 결과 카이론은 하데스의 부탁으로 제우스의 독화살을 맞고 쓰러졌다. 제우스는 불멸의 키론이 영원한 상처를 입는 것에 대해 동정을 느꼈고 그를 황도대의 궁수자리 또는 켄타우로스로 만들었습니다.",mrc-0-003735,켄타우로스의 하체는 어떤 모습인가요?,켄타우로스
1842,"{'answer_start': [301], 'text': ['영국']}","1763년 파리 조약으로 프렌치 인디언 전쟁이 끝난 후 버몬트는 영국령이 되었습니다. 이 지역의 일부는 뉴욕과 뉴햄프셔 식민지에 의해 통제되었습니다. 그것은 뉴햄프셔 식민지 정부의 승인을 받은 뉴햄프셔 특권이었고 영국 왕 조지 3세가 그것을 뉴욕의 일부로 만들기로 결정함에 따라 소유권에 대한 분쟁이 계속되었습니다. \n\nEden Allen과 그가 이끄는 Green Mountain Boys는 처음에는 영국인에 대해 반란을 일으킨 다음 뉴욕과 뉴햄프셔 식민지에 대항하기 위해 민병대를 조직했습니다.  1775년 미국 독립 전쟁 개전으로 영국군은 더 이상 버몬트를 힘으로 억제하지 못했으며, 1776년에 미국의 독립을 선언한 13개 식민지에게도 영국군과의 싸움을 계속하기 위해서는 버몬트와의 항쟁을 계속하기 보다는 아군으로 끌어 들인 것이 더 좋다고 분석했다. 이러한 상황에서 이 지역의 반군은 정부를 구성하고 1777년 1월 15일 뉴 코네티컷 공화국의 독립을 선언했습니다. 사람들이 말하는 것은 ""그린 마운틴 공화국""이었습니다. 그해 7월 8일에 새로 독립한 주의 이름은 프랑스어로 '녹색 산'에 해당하는 les Verts Monts에서 'Vermont'로 공식적으로 변경되었습니다. \n\n버몬트 공화국 헌법은 1777년 Elijah West Windsor Pub에서 작성되었습니다. 그것은 북미 최초의 성문 헌법이자 노예 제도를 불법화하고 소유 재산에 관계없이 모든 성인 남성에게 투표권을 부여한 세계 최초의 헌법이었습니다. \n\n버몬트 공화국 기간 동안 정부는 자체 통화를 발행하고 우편 시스템을 만들었습니다. 공화당 의회와 주지사 위원회는 그린 마운틴 소년 보병 깃발을 국기로 채택했습니다. 공화국 총독 토마스 티텐덴 위원회와 단원제 의회의 승인을 받아 프랑스, ​​네덜란드, 필라델피아에 있는 미국 정부에 대사가 파견되었습니다. 버몬트 공화국은 ""마지못해 공화국""이라고 불려왔습니다. 이는 초기 거주자 대부분이 미국과의 정치적 유대를 희망했기 때문입니다. 미국이 헌법을 제정한 후 1791년까지 노예 제도를 지속했던 켄터키주의 반대에 부딪힌 노예 없는 미국 독립 주가 미국에 합류했습니다. 버몬트의 즉위는 작은 북부 주와 서부 국경에서 확장 가능성이 적은 영토 전투에 집착하는 주에 의해 지원되었습니다. Thomas Tittenden은 공화국 시대의 대부분을 수장으로 재직했으며 최초의 버몬트 주지사가 되었습니다. 1793년 버몬트 주 헌법은 1777년 버몬트 공화국 헌법을 약간 수정하여 제정되었습니다. 예를 들어 삼권분립. 그 이후로 현재에 도달하기 위해 몇 가지 수정 사항이 추가되었습니다.",mrc-0-002804,미국 독립전쟁 이전까지 버몬트를 억압하고 있던 국가는?,버몬트 공화국
325,"{'answer_start': [268], 'text': ['윌리엄 톰프슨']}","몇백 명만 태운 영국 선박 3척이 도착한 후 Thomas의 군대가 철수한 이후 Thomas는 영국군의 정확한 전력을 확인할 수 없었습니다. 5월 21일 쇠렐에서 열린 전략회의에는 제2차 대륙회의 대표들도 참석했지만 드샹보에서 트루아-리비에르와 퀘벡 사이 방어선을 구축하기로 결정했다. 이 결정은 영국군의 힘에 대한 막연한 보고인 소문에 근거한 것으로, 군부가 아닌 대륙회의 대표가 주도했다.  토마스는 5월 21일 천연두에 걸려, 6월 2일 결국 사망했고, 군대의 지휘는 단기간 윌리엄 톰프슨에게 이행되었지만, 6월 5일에 존 설리번이 타이컨더로가에서 원군을 데리고 도착하자 그로 교체되었다. \n\n설리반이 도착하기 몇 시간 전인 6월 5일, Thompson은 Arthur St. Clair 대령의 지휘 하에 600명의 병사를 Trois-Rivieres에 파견했습니다. 소수로 여겨지는 영국군이 공격을 받아 해산을 시도했습니다. Sullivan은 Sorell에 도착했을 때 즉시 1,600명의 병사를 Thompson에게 보내 그들을 추격했습니다. 이 부대는 Nicolette에서 St. Claire의 부대를 추월했고 다음 날 강을 따라 방어선을 구축했습니다. 6월 7일 밤, Thompson과 St. Clair와 약 2,000명의 병사들은 강을 건너 Trois Rivière에서 몇 마일 상류에 있는 Pointe du Lac에 상륙했습니다.",mrc-0-000478,토마스가 죽은 뒤 존 설리번이 오기 전에 군대를 이끌었던 사람은?,트루아 리비에르 전투
3299,"{'answer_start': [161], 'text': ['시라쿠사이']}","8월 28일, 아테네인들이 귀환을 준비하던 중 월식이 일어났다. 투키디데스에 따르면 니키아스는 매우 미신적인 사람이었고 놀라서 사제들에게 어떻게 해야 하는지 물었습니다. 사제들은 식이 불길한 징조이며 배를 진수하기까지 27일을 더 기다려야 한다고 말했고 니키아스는 이를 받아들였습니다.  시라쿠사이는 이 기회를 이용하여 76척의 배로 항만에 있는 86척의 아테네 해군을 공격했다. 아테네 해군은 패배했고 에우리메돈은 전사했다. 많은 아테네 배들이 길리포스가 기다리고 있던 해안으로 돌진했습니다. 길리푸스는 몇 명의 선원을 죽이고 해안에 도달한 18척의 배를 노획했지만 아테네군과 에트루리아군은 후퇴했다. \n\n아테나이 군대는 이제 비참한 상태에 빠졌습니다. 9월 3일 시라쿠사는 만의 입구를 완전히 봉쇄하고 아테네 함대를 몰아냈다. 도시 밖에서 아테네 군대는 부상자를 위한 작은 성벽을 쌓았고 나머지 군대는 최후의 전투를 기대했습니다. 마지막 해전은 9월 9일에 있었습니다. 아테네 함대는 데모스테네스(Demosthenes), 메난드로스(Menandros), 에우티데모스(Euthydemos)가, 시라쿠사 함대는 시카누스(Sycanus)와 아가토클레스(Agatocles)가, 양쪽 날개는 중앙에 코린토스의 피텐(Piten of Corinth)이 이끌었다. 양군은 약 100척의 배를 보유하고 있었다. \n아테나이 함대는 밀도가 높고 기동할 공간이 충분하지 않았습니다. 여기저기서 배들이 충돌했다. 유리한 위치에 있던 시라쿠사 함선은 쉽게 아테네 함대를 공격할 수 있었습니다. 두 군대 모두 활과 창으로 공격했지만 시라쿠사 배는 갑판이 동물 가죽으로 덮여 있어 아테네의 갈고리가 빗나가게 되었습니다. \n\n승패의 구분 없이 한동안 전투가 계속됐지만 결국 시라큐스 함대는 아테네 함대를 해안으로 몰아넣었고, 선원들은 탈출하여 아군 진지로 도주했다. 양군이 배의 절반 정도를 잃었을 때 데모스테네스는 선원들과 함께 다시 돌파를 시도할 것을 제안했고 니시아스는 동의했습니다. 그러나 병사들은 겁이 나서 승선 지시를 따르지 않아 육로로 탈출하기로 했다. 헤르모크라테스는 아테네군이 내부에 정탐꾼이 있고 내륙 도로가 막혀 있어서 도망치지 않는 것이 더 안전하다는 잘못된 정보를 퍼뜨리기 위해 사람을 보냈다. 아테네인들이 머뭇거리고 있는 동안 길리포스는 실제로 길을 막았지만 시라쿠사의 군대가 해안에서 아테네 함대를 소각했기 때문에 내륙으로 탈출하는 것 외에는 방법이 없었다.",mrc-0-005072,니키아스가 27일을 기다리려고 하자 누가 공격했나요?,시켈리아 원정
2073,"{'answer_start': [507], 'text': ['파브리스']}","La Chartreuse de Parme는 1839년에 출판된 Stendhal의 소설입니다. \n\n단 두 달 만에 16세기 이탈리아 고서를 집필한 원숙기 작가의 작품입니다. 발자크의 찬사를 받으며 스탕달 생전에 인정받은 유일한 작품으로 유명하다. \n\n나폴레옹을 존경했던 귀족의 아들 파브리스는 워털루 전투에 참가했다는 이유로 음모에 휩싸였습니다. 그를 돕는 열정적인 공작부인 Cebuberryna, 그의 재치 없는 Mosca 백작, Fabrice를 사랑하는 수줍고 친절한 Creria의 네 남자에게 드리워진 폭정의 어두운 그림자를 묘사합니다. 결투, 탈출, 중독의 여러 사건 후에 Fabrice의 아들을 잃은 Creria는 절망에 죽고 Fabrice는 수도원에 들어갑니다. \n\n 작가가 자신의 소설에서 여러 차례 주제로 삼았던 포스트 나폴레옹 시대의 인간 생존 방식은 여기서도 의문시되고 있다. 하지만 모든 것이 코미디처럼 풍자와 애절함으로 진행되기 때문에 <적흑>만큼 우울하지는 않다.  작자는 파브리스의 천진난만 속에 그렇게 되기를 바래 왔던 자신의 모습을 몽상하고 크레리아에게 이상적 애인의 영상을 그려보려고 했던 것이다. '행복의 추구'가 이 작품의 중심 주제로, 읽을수록 흥미진진해지는 명작이다. 또한 워털루 전투의 묘사는 톨스토이의 전쟁과 평화에 영향을 주었다고 합니다.",mrc-0-003152,작가가 자신의 이상적인 자아상을 투영시킨 인물은?,파르므의 승원
2547,"{'answer_start': [370], 'text': ['바그너']}","건국 초기부터 텔아비브를 거점으로 하고 있으며 수도를 예루살렘으로 옮긴 후에도 계속 그곳에 거주하고 있다. 주요 장소는 Frederick R. 그것은 유일한 강당이며 하이파와 예루살렘에서도 공연했습니다. \n\n추방된 음악가들에 의해 자발적으로 결성된 밴드이기 때문에 멤버들 간의 자기 결속력이 매우 강하고 지휘자도 유대인 출신이거나 망명자여서 유대 음악 사회의 주요 축으로 작용한다. 베토벤, 멘델스존, 브람스, 말러, 드보르작 등 유럽 작곡가들의 유명한 레퍼토리를 주로 연주하지만, 번스타인의 교향곡 등 미국 작품도 자주 다룬다. 특히 유태인 작곡가들의 작품 연주에 있어 최고 수준을 유지하고 있다는 평가를 받고 있다. \n\n그러나 반유태주의자로 유명했던 바그너 작품의 경우에는 1938년에 독일에서 벌어진 수정의 밤 사건과 홀로코스트 이후 오랫동안 연주를 거부해 왔으며, 이는 이스라엘 필 뿐 아니라 이스라엘 내의 모든 음악 단체와 해외에서 초청되어 오는 악단들도 마찬가지로 지켜야 하는 암묵적인 규정으로 한동안 유지되고 있었다. 1990년대에 메타는 조심스럽게 바그너 오페라의 일부를 앙코르로 연주하려고 시도했지만, 그때도 일부 관객들은 항의하며 휘파람을 불거나 야유를 하고 공연을 떠났다. \n\n전쟁 이후에도 순회공연 등 독일 가요계와 화해의 몸짓을 이어갔고, 1990년에는 베를린 필하모닉 오케스트라가 처음으로 텔아비브를 방문하여 메타 지휘 하에 합동연주회를 가졌다. 녹음은 주로 Deca, Deutsche Grammophon, Sony Classical, EMI와 같은 유명 음반사에서 이루어지며, 특히 Bernstein과 Meta는 많은 양의 녹음을 남깁니다. 칸노 요코는 자신이 작곡한 애니메이션 '마크로스 플러스'의 OST를 녹음할 때도 사용했다.",mrc-0-003879,이스라엘의 음악단체들이 연주를 기피하는 작곡가는?,이스라엘 필하모니 관현악단
2613,"{'answer_start': [248], 'text': ['율리우스 카이사르']}","기원전 104년부터 각 군단은 독수리(독수리)를 상징으로 사용했습니다. 아굴라라는 이름의 장교가 아굴라를 짊어지고 있었는데, 아굴라를 잃는 것은 매우 심각한 굴욕으로 여겨졌고, 아굴라를 잃는 것은 종종 군단 자체의 해산으로 이어졌습니다. 일반적으로 해산으로 이어진 것은 전투에서 아퀼라를 되찾을 수 없는 군단이 너무 많은 피해를 입어서 더 이상 추가 교전에서 효과적이지 않았기 때문입니다. \n갈리아 전쟁(Bk IV, Para.  25)에서, 율리우스 카이사르는 기원전 55년 브리타니아 정복을 시작할 때 한 사건을 묘사하는데, 아퀼라에 대한 안정성이 로마 병사들을 얼마나 두렵게 만드는 지를 설명한다. 카이사르의 군대가 영국인을 두려워하여 배에서 떠나기를 꺼렸을 때, X 군단의 아퀼리퍼는 아퀼라를 싣고 있는 배에서 직접 뛰어내려 홀로 적들을 향해 행진했습니다. 당황한 동지들은 '함께 배에서 내리니 다른 배들의 사람들도 그 뒤를 따랐다. \n\n로마 제국의 탄생과 함께 로마 군단은 그들의 지도자인 황제와 조약을 맺었습니다. 각 군단에는 Imagmer라는 이름의 장교가 있었는데, 그의 역할은 Pontifex Maximus로서 황제의 이마고(인물, 조각 등)가 든 창을 들고 다니는 것이었습니다. \n\n또한, 각 군단에는 군단의 이름과 상징이 새겨진 시그넘을 들고 있는 벡실리퍼 또는 벡실리퍼가 있었습니다. 군단에서는 다른 부대를 지원하기 위해 주 수비대에서 예하 부대로 파견되는 것이 일반적이었지만, 이때 파견된 부대는 아퀼라가 아닌 벡실룸을 실어 나르므로 벡실레이션이라고 불렀다. 은도금된 벡실룸 미니어처는 퇴직이나 복무에서 노고에 대한 표창으로 ​​경찰관들에게 때때로 수여되었습니다. \n\n민간인도 로마 군단을 도왔다면 보상을 받을 수 있었습니다. 민간인들은 뛰어난 공로에 대한 대가로 화살촉 없는 화살을 수여받았는데, 이는 큰 영예로 여겨져 많은 영예를 안았다.",mrc-0-003990,10군단의 장교가 아퀼라를 들고 적진으로 향할 당시 군대를 통솔하던 인물은 누구인가?,로마 군단
983,"{'answer_start': [389], 'text': ['성과']}","문제해결이란 업무와 관련된 현재의 문제를 분석하고, 팀원들의 전문성을 활용하여 해결책을 찾고, 함께 해결책을 개발하고 공유하는 것을 의미합니다. 또한 문제해결은 구성원 간의 사회적 관계를 통해 문제를 탐색하고 함께 문제를 해결하기 위한 협력적 활동을 포함한다(정희원, 2016). \n\n이러한 문제 해결은 개인이나 조직이 직면한 장애물을 제거하고 현재 상태를 개선하거나 목표를 달성하기 위한 대안을 찾는 것입니다. 따라서 문제 해결 능력은 개인이나 조직이 직면한 장애물을 제거하거나 현재 상태를 개선하거나 목표를 달성하기 위한 대안을 찾는 것입니다.  따라서 문제해결능력은 개인이나 조직이 직면한 장애요인을 제거하고 현상을 개선하거나, 목적하는 바를 달성하기 위한 대책을 마련하여 궁극적으로는 성과를 극대화 할수 있게 하는데 있어서 결정적인 영향을 미치는 중요한 요인이다(정태영, 2011). 이 경우 문제를 해결하는 과정에서 필요한 자원을 적절하게 할당하는 것뿐만 아니라 유연한 솔루션을 선택하는 것도 중요하다는 점을 인식해야 합니다.",mrc-0-001495,문제해결능력이 훌륭하면 결과적으로 최고로 향상되는 것은 무엇인가?,공유 리더십
1358,"{'answer_start': [96], 'text': ['평민']}","1721년에 태어난 그녀는 당시 파리의 부유한 금융가였던 Charles François Paul Le Normant de Tournehem의 딸이었습니다.  잔느 푸아송은 평민이란 신분에 속했었지만, 부르주아 계층이었던 어머니 애인의 호의 덕분에 귀족의 자녀 이상급의 교육을 받고 자라 거의 전 분야에 걸쳐 성적이 매우 우수했으며, 예술을 애호하게 되었다. 그녀는 모든 연극의 대사를 암송할 수 있었고 높은 수준의 클라비코드를 연주했으며 열렬한 정원사이자 식물학자였습니다. 그는 또한 종종 그림을 그리고 보석을 디자인했으며 유머 감각이 뛰어났습니다. 1741년 그녀는 아버지의 조카인 샤를 기욤 르 노르망 데티올과 결혼하여 잔 앙투아네트 데티올로 이름을 바꾸고 딸 알렉산드린을 낳습니다. 1744년, 가끔 사냥을 나갔던 루이 15세는 우연히 그녀의 아름다움을 보고 불륜을 시작했습니다. 그녀는 곧 후작이라는 칭호를 받았고 귀족으로 지위가 상승했으며 남편과 이혼했으며 1745년 9월 14일 공식적으로 왕의 정부로 인정되어 왕의 총애를 받았습니다. \n프랑스 왕의 공식 연인이 된 퐁파두르 후작은 루이 15세가 죽을 때까지 20년 동안 그를 매료시키며 절대적인 영향력을 행사했습니다. 그녀는 물처럼 돈을 쓴다(그러나 그녀는 이전의 어떤 프랑스 왕실 여성보다 검소했다. ), 여러 곳에 저택과 성을 쌓고(프랑스 대통령의 공식 관저인 엘리제궁이 그녀의 거주지 중 하나임), 결국 정치에 참여하여 약 15년 ​​동안 권력을 누렸다. 1758년 퐁파두르 후작의 추천을 받아 외무대신이 된 후 쇼이센도 전쟁장관 등을 거쳐 10여년 간 사실상 수상이 되었다. 프랑스 농민 학교인 François Kennett가 그녀의 의사였습니다. 한 마디로 퐁파두르 후작은 프랑스 정치를 지배한 그림자 속의 막강한 인물이라고 할 수 있다. 이때 퐁파두르 후작이 “나의 때가 왔다”는 유명한 말을 했습니다. \n\n1756년, 오스트리아의 마리아 테레지아 황후와 러시아의 엘리자베스 황후는 교류를 통해 반프로이센 포위(7년 전쟁)를 결성했습니다. \n\n퐁파두르 후작은 아름다운 외모를 가졌을 뿐만 아니라 매우 지적이고 예술 전반에 걸쳐 높은 안목을 가지고 있었습니다. 볼테르와 몽테스키외와 같은 계몽사상가들은 예술을 보호하기 위해 열심히 일한 그녀의 살롱을 자주 찾았습니다. 그녀의 다양한 예술적 취미는 프랑스 문학의 진흥에 큰 힘이 되었고, 극장과 소극장 건립은 물론 현대미술가들의 지원도 모두 퐁파두르 후작의 지원을 받았다. 그녀는 가구, 도자기, 그릇, 옷, 보석, 그림, 책 등을 수집했습니다. 갑작스러운 죽음 이후 그녀는 소지품을 정리하는 데 1년이 걸렸다고 말했습니다. 당시의 기록에서 알 수 있듯이 '우아한 여성은 모든 예술에 영향을 미쳤다'는 그녀의 말처럼 수집에 대한 열정은 다양한 작품을 만들고 싶은 충동을 불러일으켰다. 이처럼 퐁파두르 후작의 숨결이 곳곳에 퍼지면서 그녀의 취향은 자연스럽게 당시 패션의 기준이 됐다. 퐁파두르 후작의 시대는 프랑스를 중심으로 우아한 로코코 양식이 발달한 시대가 되었습니다. \n\n30살이 된 이후로 루이 15세와 같은 침실에서 잠을 잔 적이 없지만, 루이 15세는 퐁파두르 후작이 43세의 나이로 결핵으로 사망할 때까지 그녀를 계속 사랑했다고 합니다. 퐁파두르 후작이 베르사유 궁전에 푸른 정원을 만들고 거기에 전국에서 가져온 미인들을 모아 루이 15세에게 골라내게 하여 매일 젊고 아름다운 여인을 식민지로 만들었다고 합니다. 그래서 7년 동안 포주 생활을 했다는 안 좋은 평을 듣는다.",mrc-0-002065,퐁파루드 여후작은 원래 어떤 신분이었나?,잔앙투아네트 푸아송 드 퐁파두르 여후작
3415,"{'answer_start': [736], 'text': ['조정협회']}","그린란드는 1973년 처음으로 자체 국기를 세우려고 시도했습니다. 당시 5명의 그린란드인이 각각 녹색, 흰색, 파란색의 깃발을 제안했습니다. 이듬해 한 신문은 11개의 디자인(그 중 하나에는 북유럽 십자가가 있음)을 게재하고 구독자가 가장 인기 있는 깃발을 선택하도록 투표했습니다. \n\n1978년 덴마크는 그린란드에 자치권을 부여하여 이른바 '덴마크 왕국'의 동등한 일원이 되었습니다. 이 시기에 설립된 그린란드 자치정부는 공식적으로 자체 깃발을 제정하기로 결정하고 공개 요청을 받았습니다. 총 555개의 디자인(293개의 그린란드 사람들이 만든 디자인)이 접수되었습니다. \n\n 그러나 최종 위원회가 합의에 이르지 못해 추가 디자인 공모가 접수되었고, 크리스티안센이 제출한 레드&화이트 디자인은 14표차로 화이트&그린 노르딕 크로스를 제치고 선정됐다. 11. Christiansen의 디자인은 1985년 6월 21일 공식적으로 그린란드의 국기로 채택되었으며 현재까지 이어지고 있습니다. \n\n그린란드 국기 수립 10주년을 기념하기 위해 그린란드 우체국에서는 국기 제작자를 위한 기념 우표와 전단지를 발행했습니다. Christiansen은 깃발의 흰색 부분은 그린란드의 80%를 덮고 있는 빙산과 빙상을 나타내고, 빨간색 부분은 바다를, 빨간색 반원은 바다에 잠긴 태양을, 흰색 반원은 빙산을 나타냅니다. 태양이 수평선 아래 반쯤 바다에 반사되는 장면도 재현했습니다.  1985년에는 그린란드 기가 덴마크의 조정협회인 HEI 로스포츠의 깃발과 완전히 동일한 것으로 밝혀져 논란이 되었다. 표절 때문인지 단순한 우연인지는 알 수 없지만 덴마크 협회는 그린란드에 국기 사용을 허가했다고 결론지었다.",mrc-0-005246,그린란드의 기는 덴마크의 어떤 조직의 깃발과 똑같은가?,그린란드의 기
84,"{'answer_start': [112], 'text': ['래드왈드']}","앵글로색슨 잉글랜드의 기독교화\n앵글로색슨 기독교는 7세기에 설립되었습니다. 전통적인 신념이 대체된 정도는 고대 신들의 이름을 따서 명명된 이스트 앵글 정착촌의 부족에 반영됩니다.  \n\n604년에 래드왈드는 세례를 받은 첫 이스트앵글리아의 왕이 되었다. 그는 기독교 제단을 유지했지만 동시에 전통적인 신들을 계속 숭배했습니다. 종교 군주가 잠시 켄트와 에섹스로 돌아온 616년부터 라드왈드가 죽을 때까지 이스트 앵글리아는 세례를 받은 왕이 통치했습니다. 유일한 앵글로색슨 왕국이었다. Radwald는 624년경에 죽었고 그의 아들 Jörpwald가 뒤를 이었으며 Edwin의 영향으로 곧 전통적인 신앙에서 개종했지만 그의 새로운 종교는 분명히 East Anglia의 반대에 직면했으며 Orpwald He는 Zain Richbert의 손에 사망했습니다. 배교 3년 후, 기독교는 Jörpwald의 형제(또는 이복 형제)이자 Francia에서 망명하여 세례를 받은 Sigerbrüd의 왕위를 계승하면서 퍼졌습니다. Siegerbrütt는 Dommock, 아마도 Dunnis에서 Burgundy의 Felix가 주재하는 최초의 East Anglia 주교단이 설립되는 것을 목격했습니다. 그는 나중에 그의 형제 Eckgrik을 위해 왕위를 양위하고 수도원에서 은퇴했습니다.",mrc-0-000139,기독교 제단을 유지하며 전통 신을 섬긴 인물은?,이스트앵글리아 왕국
1359,"{'answer_start': [118], 'text': ['도시문제']}","산업혁명 이후 인간은 대량생산과 산업화를 통해 자연적으로 대규모 도시를 형성하였고, 공간부족, 정보기술, 빈부격차, 주택과 인구의 과밀화, 교통체증 등의 문제가 새롭게 대두되었다.  1960년대 이전까지만 해도 도시문제를 해결한다는 목표 하에 무분별한 계획안들이 무차별적으로 적용되어 오히려 도시문제가 심화되었다. 도시계획에 작용하는 복잡한 요소들의 상호작용과 메커니즘을 고려하지 않은 결과였다. 이러한 도시계획의 특성을 고려하여 사회경제적 측면을 강조하는 현대적 의미의 도시공학이 탄생하였다. 현대 도시공학에서는 공간정보학, 디자인학, 도로공학, 조경학, 상하수도학, 측량방법론을 집중적으로 연구하고 검토하며 법학, 인구통계학, 사회학 등의 다른 학문도 다룬다. \n\n위의 종합적인 학문적 특성으로 인해 일부 국가에서는 사회 및 행정 측면에서 도시를 연구하는 것이 일반적입니다. \n\n관련 직업에는 도시 계획가, 도시 관리자, 지역 분석가, 교통 계획가, 환경 영향 평가자, 주택 관리자, 지적 및 측량 기술자, GIS 전문가가 포함됩니다.",mrc-0-002067,1960년대 이전까지의 도시계획의 해결 대상이자 결과물이기도 한 것은?,도시공학
154,"{'answer_start': [356], 'text': ['중재위원회']}","신일철주물 강제징용 소송\n2013Da61381\n\n대한민국 대법원은 강제징용 피해자의 위자료 청구권 행사를 인정하고, 2018년 10월 30일 서울은 피고인 신일제철에 피해자 배상을 명령했습니다. 각각 1억원씩 강제노역. 고등법원의 판결이 확정되어 2019년 1월 9일 대구지법 포항지원이 신일철강의 국내 자산을 압수했다. \n\n일본 외무성은 한국 법원의 신일본제철 자산 압류 승인에 대해 항의하기 위해 1월 9일 이수훈 주일 한국 대사를 소환하고, 한국 정부에 제1조에 의거 외교 경로를 통한 협의를 요청했다. 한일청구권협정 3조. 했다.  2019년 5월 19일, 일본 정부는 대한민국 정부에 대해, 한일 청구권 협정 제3조의 중재위원회 설치를 요구하였으나, 대한민국 정부는 이를 거부하였다. \n\n대법원이 일본제철의 손해배상 판결을 확정한 지 한 달 후 블룸버그와의 인터뷰에서 고노 다로 일본 외무상은 한국을 신뢰할 수 없는 나라로 묘사했습니다. 그러면서 ""한국 대법원이 국제법에 근거해 한국 정부와 합의를 언제든지 뒤집을 수 있다면 어느 나라도 한국 정부와 협력하기 어려울 것이라는 점을 알아야 한다""고 말했다. 그는 말했다.",mrc-0-000238,2019년 한일청구권 협정 제 3조에 의거하여 일본이 대한민국 정부에 설립을 요구한 부서는?,한일청구권협정
1882,"{'answer_start': [1237], 'text': ['이시노 요코']}","Teddy Boy Bluesoo의 적들이 이 단락에 설명되어 있습니다. 적에게 닫으면 무조건 죽게 되며, 그 결과 플레이어의 수, 주인공의 생명수가 줄어들고, 이때 주인공의 영혼은 하늘로 올라간다. \n\n*. 솔저: 가장 기본적인 적이자 특집 영화에 나오는 군인처럼 보이는 적. 단 한 번의 타격으로 작아지기 쉬운 상대다. \n\n*. 날개 달린 다루마: 일반적으로 일렬로 나타나며 한 번에 나타나며 바닥과 벽을 뛰어 넘습니다. 하지만 비교적 간단한 이동 방식으로 인해 난이도는 높지 않다. \n\n*. 애벌레: 군인보다 작고 벽을 오를 수 있습니다. 천장에서 기어나와 주인공 바로 앞에서 쓰러질 수도 있어 주의가 필요한 적이다. \n\n*. 메뚜기: 다루마와 마찬가지로 일렬로 나타나며 한 번에 나타나서 뛰어다닌다. 다루마보다 높게 점프합니다. \n\n*. 버섯: 작아지려면 5번 연속으로 때려야 합니다. 중간에 휴식을 취하면 원래 상태로 돌아가고, 2개 이상 연속으로 있으면 서로 싸우거나 교대로 방어합니다. 따라서 가장 위험한 적 중 하나이자 게임의 난이도를 높인 주범이다. \n\n*. 사자춤 가면 : 입을 벌린 채 날아가는 적, 자유자재로 움직일 수 있고, 속도가 빠른 적이라 난이도가 높다. 제멋대로 움직이기 때문에 언제든 이적에 따른 예상치 못한 상황이 발생할 수 있으니, 이적이 나타날 때마다 주변 상황을 주시하고 만반의 준비를 갖춰야 한다. \n\n* 달팽이: 몸이나 눈에 맞으면 작아지지만 껍질에 맞으면 안에 숨는다. 달팽이의 속성을 그대로 이용하여 상대적으로 느린 속도로 가로 세로로만 움직이는 적이다. \n\n== 보너스 게임 == \n\nTeddy Boy Blues에는 세 가지 보너스 게임이 있습니다. \n\n*. Hit Dice: Teddy Boy Blues의 보너스 게임 중 하나는 주사위를 쳐서 파괴한 다음 다양한 아이템이나 달팽이를 얻는 것입니다. 달팽이의 경우 껍데기 부분보다는 눈이나 신체 부위를 매칭하여 축소 및 회복시키는 것이 좋다. 주어진 시간 안에 주사위를 쳐서 최대한 많은 아이템을 파괴하고 최대한 많은 아이템을 획득하는 것이 좋습니다. \n\n*. 슈팅: Teddy Boy Blues의 보너스 게임 중 하나인 목표는 제한 시간 내에 나타나는 적을 쏴서 점수를 얻는 것입니다. 목표는 최대한 많은 사격 표적을 잡는 것이며 제한 시간 내에 많은 적을 쏘면 많은 점수를 얻을 수 있습니다. \n\n*.  보물 찾기:제한된 시간내에 집안에 숨겨진 보물을 주인공 소년인 이시노 요코를 조종해 전부 찾아내는 보너스 게임이다. 보물 찾기는 숨겨진 보물의 수가 매우 제한되어 있으며 다음 미니 게임으로 이어지기 때문에 집에 숨겨진 보물을 모두 찾으면 보물 찾기가 완성 된 정밀 보너스 게임과 잠금이되며 그 후에는 총격 또는 주사위 만 수행됩니다. 보너스 게임으로 등장. 첫 번째 미니게임에서는 슈팅이 완벽하게 달성되며, 보물찾기를 통해 일정 수의 보물을 찾으면 보상 보너스로 초기 단계를 건너뛸 수 있습니다.",mrc-0-002864,"보물찾기 게임을 할 때, 누구를 통해 집안 곳곳의 보물을 발견해야 하는가?",테디 보이 블루스
930,"{'answer_start': [205], 'text': ['일본공산당']}","경기도 개성 출생. 경성부 중앙고등학교 재학 시절 학생운동에 가담해 정학을 당한 뒤 고향인 송도고에서 광주학생운동 후속시위를 주도하다 체포되는 등 어린 나이에 활동했다. 개성에 있는 학교. \n\n1931년 일본으로 유학을 떠나 일본대학에서 공부하다가 일본공산주의청년동맹에 가입하여 제국주의에 ​​반대하는 일본군과 함께 일하던 중 체포되었다.  그러나 석방된 뒤에도 일본공산당에 입당하여 사회주의 운동을 계속했다. 잠시 귀국한 후 1935년 일본으로 돌아와 노동자로 일하다가 좌익운동을 하였다. 그는 1940년에 다시 체포되었다가 이듬해 석방되었다. \n\n1945년 해방 당시 일본에서 재일조선인연합회에서 일하다가 이듬해 귀국하여 좌파들이 결성한 통일전선단체인 민주국민전선의 상임위원이 되었다. 남로당 경북도장을 지냈으나 미군정의 남로당 탄압을 피해 탈북했다. \n\n북한 남로당 수령 시절부터 유격대를 이끌었고, 1952년 한국전쟁 중에는 조선인민군 유격대 지휘부장을 역임하며 중요한 임무를 맡았습니다. 남로당의 잔당들이 지리산을 비롯한 여러 지역에서 싸우고 있던 유격전을 지휘한 것이다. \n\n하지만 휴전을 앞두고 박헌영의 남로당 당수를 미국의 간첩 혐의로 체포한 박헌영·리승엽 간첩사건이 터지면서, 전 조선노동당 중앙위원회 연락부장도 정부 전복 음모와 간첩 혐의로 재산 몰수와 함께 사형을 선고받았다. 받았다. 법원 기록에 따르면 이 사건 피고인들은 김일성과 해외파벌, 남로당이 연립하여 구성한 당시 북한 정부를 전복하고 남한을 중심으로 한 새 정부를 수립할 계획이었다. 한국노동당. 군사 분야 전문가였던 배철은 이승엽이 조직한 진압군 조직을 총괄했고, 계획이 성공하면 노동부 장관이 될 계획을 세운 혐의를 받고 있다. \n\n빠른 재판 과정으로 사형이 확정된 직후 처형된 것으로 추정되나 정확한 사망 일자나 경위는 전혀 알려져 있지 않다.",mrc-1-001430,배철이 모국에 돌아오기 전 활동했던 정당은 어디인가?,배철
1117,"{'answer_start': [895], 'text': ['황룡']}","한편 북원의 성주인 양길은 후백제와 동맹을 맺고 후백제의 견훈은 양길을 장군으로 임명하여 후고구려를 공격한다. 왕건은 양길의 군대를 상대하기 위해 북원성으로 부대를 파견하고, 후기 백제에서는 수군을 직접 지휘하여 목포, 신안, 나주를 공격하였다. 그 과정에서 그는 나주의 유력한 귀족이자 오부돈의 아들인 오다륜파를 영입한다. 왕건은 후기 백제 사람들의 불만을 이용하여 서해안을 공격했고, 오다련군 등 서남부 귀족들은 왕건에게 항복했다. 갑판에서 도시를 내려다보던 왕건은 오행을 보고 빨래를 하고 있는 오씨를 보기 위해 달려갔다. \n\n나주에 와서는 우물가의 한 소녀에게 물을 달라고 했고, 소녀는 박과 그 위에 떠 있는 버드나무 잎에 물을 주었다. 이유를 묻자 그는 술을 빨리 마시고 척 하는 것이 걱정된다고 말했다. 그는 나주에서 자신의 성격이 이상함을 알고 딸인 오다련을 만나 결혼하게 된다. 이들 사이에서 아들 무(후의 혜종)가 태어났지만 곧 군대와 함께 돌아왔다. \n\n원래 나주 하류 귀족의 딸이었지만 태조를 만나 혜종을 낳고 대광, 박설희 등의 가호를 받았다. 그가 언제 죽었는지는 알 수 없으나 나주 일대에 그와 관련된 이야기가 남아 있다. 태조는 군대를 거느리고 행군하다가 목이 말라 우물을 찾고 있었다. 나주 금성산 남쪽에 상서로운 오색구름이 서 있는 것을 보고 말을 타고 달려갔다. 열일곱 살쯤 되어 보이는 예쁜 소녀가 우물가에서 빨래를 하고 물을 달라고 하자 소녀는 박에 떠 있는 버드나무 잎을 건넸다. 태조는 버드나무잎이 왜 떠다니는지 궁금했다. \n\n대통령은 급하게 물을 마시고 있었는데 낙심할까 봐 두려웠다. 그는 얼굴을 붉히며 고개를 숙였다.  이에 감동한 태조가 그의 아버지를 찾아 가 청혼을 하고 흔쾌히 승낙을 받았는데, 처녀는 왕건이 찾아 오기 며칠 전에 이미 황룡 한 마리가 구름을 타고 날아와 자신의 몸 속으로 들어 오는 꿈을 꾸었다고 한다. 후에 태조는 혜종이 왕이 됨을 알았으나 어머니의 지위가 낮아 왕위에 오르지 못할 것을 두려워하고 주위의 반대를 받았다. 이후 왕건이 세자로 즉위했을 때 왕건이 장화왕후에게 바친 자황포 비단을 대광의 박설희에게 증표로 보여주었을 때 박설희는 그 의미를 알고 적극적으로 제안했다. 혜종은 정윤세자. 그리고 그것을 실현했습니다.",mrc-1-001708,처녀가 태조를 만나기 전에 꾼 꿈에 나온 동물은 무엇인가요?,고려 태조
537,"{'answer_start': [675], 'text': ['기상조절기관']}","Barracks의 세계에서 New Crobuzon은 Rohagi 대륙의 동부 해안을 따라 형성된 강 유역에 대한 주권을 주장합니다. 이 도시는 Ta 강과 Kanger 강이 합류하여 더 넓은 Dae Ta 강을 형성하는 분수령에 위치하고 있습니다. Datta 강은 도시에서 동쪽으로 10마일 떨어진 Cast Iron Bay로 이어집니다. New Crobuzon과 Rohagi 대륙의 나머지 부분을 구분하는 산맥을 Dancing Shoe Mountains라고 합니다. \n\nNew Crobuzon은 넓은 분지에 위치하고 있으며 지형이 매우 기복이 있습니다. 도시의 북서쪽에는 베젝 산맥 기슭까지 이어지는 늪지대가 있으며, 이곳은 상처에서 사람이 살 수 없는 지역으로 묘사됩니다. 바로 남쪽에는 Ruudwood라는 광대한 숲이 있고 그 너머에는 Wetlands라는 지역이 있습니다. 습지대를 지나면 멘디칸 힐(Mendican Hills)이라는 곳으로 이어지며, 그 너머에는 뉴크로부존에게 식량을 제공하는 농업 지역인 그레인 스파이럴(Grain Spiral)이 있습니다. \n\n뉴크로부존 주변에는 여러 영혼이 흩어져 있습니다. 대부분은 그저 시골마을이지만 대타강 하구에 위치한 타무스는 <상처>에 언급될 만큼 큽니다. \n\n현실 세계의 북반구와 마찬가지로 가을과 겨울은 봄과 여름보다 춥습니다.  뉴크로부존은 기상조절기관을 사용하여 역사 초기부터 그 일대의 기후를 통제하거나 적어도 기후에 상당한 영향을 미칠 수 있었다. 그러나 이 장치는 500년 넘게 작동하지 않았습니다.",mrc-0-000806,뉴크로부존이 날씨에 영향을 줄 수 있도록 해 준 수단은?,뉴크로부존
923,"{'answer_start': [239], 'text': ['제50화']}","기동전사 건담 SEED 48화에서 첫 등장. 제네시스를 지키기 위해 2차 야킨두 전투에 파견된다. 세계를 멸망시키려는 로르 크루제의 손발이 되어 지구 연합군과 삼척 연합군을 조롱한다. 49화에서는 드라군 시스템의 특징을 살린 유기 전술로 다수의 스트라이크 대거와 M1 아스트레이를 쓰러뜨린 후 무우라 프라가의 스트라이크 건담과 데아카 올스만의 버스터 건담을 격파하는 등의 대전투가 펼쳐집니다. \n\n《기동전사 건담 SEED》 제50화(최종화)에서는 키라 야마토의 프리덤 건담(미티어 유닛 장비)를 압도하는 가운데, 프레이 알스터가 타고 있는 탈주정을 격추시키고 이에 SEED를 각성시킨 키라의 프리덤 건담과 서로의 기체를 파손시켜 가는 격전을 벌인다. 마지막으로 키라의 프리덤 건담은 제네시스 런처 앞에서 빔 사벨로 크루제의 프로비던스 건담의 조종석을 관통하고 크루제가 사망한 직후 제네시스에서 발사된 감마선 레이저에 명중되어 프로비던스 건담이 폭발한다. \n\n다카야마 미즈호의 만화에서는 부상당한 래디쉬가 뫼비우스 제로의 총신으로 프로비던스 건담의 움직임을 봉인하고 키라가 프리덤 건담의 발라와 플라즈마 융합 빔 캐논 양기를 물리치는 패배 장면이 다릅니다. \n\n게임 ""기동전사 건담 익스트림 대""에는 키라가 에일 스트라이크 건담과 교전하는 영화가 있습니다. \n\n《SD 건담 G 제네레이션 SEED》에서는 그 모양 때문에 우소 에빈에 의해 ""진드기""라고 불립니다.",mrc-0-001408,기동전사 건담 SEED 중 만화판과 다르게 묘사된 화는?,프로비던스 건담
1037,"{'answer_start': [244], 'text': ['쇠팅가우']}","877년 1월 26일 독일인 루트비히의 명령으로 남부 튀링겐의 그라프에 임명되었고, 왕의 명령으로 간데르샤임 수도원이 세워졌다. 그가 Gandersheim Abbey를 설립한 지역은 그의 이름을 따서 Otto 카운티라는 별명을 얻었습니다. 그는 또한 Hersfeld Abbey의 평신도 대수도원장을 역임했습니다. 897년 1월 28일, 일부는 아이체스펠덴에 있는 수도원에 기증되었습니다.  888년 아이헤스펠텐 수도원의 원장, 908년 쇠팅가우의 평신도 수도원 원장을 지내기도 했다. \n\n그의 여동생 리트가르트는 대공으로 진급한 독일인 루트비히의 아들인 소루드비히와 결혼했습니다. 876년 루트비히 2세의 사후 동프랑크 왕국은 3분의 1로 분열되었고 왕국의 북중부에 해당하는 영토는 소루트비히에게 상속되었다. 그러나 Ludwig Less는 6년 후에 사망하고 그의 여동생 Littgart는 재혼했습니다. \n\n그는 세 명의 왕을 섬겼습니다. 독일인 루트비히, 그의 아들 루트비히 젊은 왕, 그리고 카린티아의 아르눌프였습니다. 주요 임무는 작센을 지배하는 동시에 동쪽에서 슬라브를 방어하는 것이었습니다. 독일인 루트비히가 사망한 후 동프랑크 왕국은 사실상 혼란에 빠졌고, 그는 바이킹, 헝가리, 반도의 연속적인 침략에 지원을 받지 않고 오히려 스스로 그것을 격퇴해야 했습니다. 884년 비만왕 카를 3세와 함께 밀라노로 갔다. \n\n그는 작센의 유력한 사람이었고 약간의 자치권을 부여받았습니다. 그는 공식적으로 루트비히 2세나 그의 손자 아르눌프의 대표자였지만 작센에서는 사실상의 왕이었습니다. 또한 작센 영토 근처의 달레민트로 이주한 슬라브 사람들도 그에게 종속되었습니다. 아르눌프 황제는 동부 지역의 유력한 귀족인 그와 동맹을 맺기를 원했고, 그의 딸 오다는 황제 아르눌프의 장남 로타링기아의 즈벤티볼트와 결혼했다. \n\n894년 아르눌프 황제의 이탈리아 밀라노 원정과 함께 그는 밀라노 마트로그래프(Milano Matrograph)로 현지에서 임명되었습니다. 그러나 아르눌프 황제가 퇴각하자 그들과 함께 동프랑크로 돌아왔다. 899년 그가 죽자 아르눌프는 그를 어린왕 루트비히의 수호자이자 수호자로 임명했습니다. 그러나 오토는 갓난아기 왕 루트비히와 접촉이 거의 없었다.",mrc-0-001587,오토가 두 번째로 평신도 원장직을 맡은 수도원은 어디인가?,오토 1세 폰 작센
2001,"{'answer_start': [616], 'text': ['존 디펜베이커']}","윌리엄 라이언 매켄지 킹(William Ryan Mackenzie King) 전 수상은 1772년 왕실 결혼법에 따라 엘리자베스 공주와 필립 마운트배튼(Philip Mountbatten)의 결혼에 동의하기 위해 1947년 본회의를 소집했습니다. King은 캐나다 군주제의 독립을 입증하기 위해 캐나다인을 영국 문화원의 고문으로 초청하는 것을 고려했던 조지 6세의 제안을 거부했고, 이후 캐나다의 정치적인 정책을 공포할 목적으로 캐나다 의회에서 직접 만났습니다. 독립. 열렸다 \n\n캐나다 역사에서 추밀원은 영국 군주 앞에서 두 번 만났습니다. 먼저 엘리자베스 2세 여왕은 1957년 캐나다 추수감사절 오전 10시 왕실 캐나다 거주지인 오타와시 리도홀에서 회담을 가졌다. 그곳에서 엘리자베스 2세는 임시로 그녀를 고문으로 임명한 그녀의 배우자 에든버러 공작 필립과 22명의 캐나다 참의원 평의회 회원을 만나 평의회를 주재한 결과 공공 법령을 승인했습니다.  2년 후 엘리자베스 2세는 조르주 바니에르가 총독으로 임명을 확정하기 위해서 헬리팩스에서 또다시 추밀원 회의를 거행하였다 비록 추밀원이 영국 군주의 면전에서 회의를 실행하는 일이 헌법적으로 타당하지 않다는 추측이 돌았지만 그 때 당시의 총리인 존 디펜베이커는 그 추측에 대해서 불법이라고 여기지 않았으며 그는 엘리자베스 2세가 캐나다의 군주로서의 지위와 영국의 군주로서의 지위를 따로 구별해야한다고 주장하였다\n\n캐나다 추밀원이 마지막으로 모였던 공식적인 회의가 1981년에 웨일스 공 찰스가 다이애나 귀부인와의 결혼을 동의에 대한 회의였다 3월 27일 당시의 리도 홀에서 보라 라스킨 대법원장을 포함한 12명, 피에르 트뤼도 전 총리, 몇 명의 내각 장관들, 스탠리 놀스 전 신민주당 당수와 알빈 해밀턴 옛 캐나다 진보보수당 당수가 회의에 포함되었다 거기서 모두다 웨일스 공의 약혼에 대해서 찬성의 뜻을 보여줬고 곧이어 샴페인으로 건배하였다. 추밀원 산하 정부 기관의 관리였던 데이비드 브라운은 캐나다 신문 글로브 앤 메일과의 인터뷰에서 ""추밀원이 찰스 왕세자의 약혼을 인정하지 않았다면 웨일즈의 후손은 캐나다에서 태어날 것입니다. 그는 군주의 후계자가 될 수 없다고 선언되었고, 1931년에 이는 영국 영연방 내에서 왕과의 단합된 관계를 깨뜨릴 수 있는 웨스트민스터 헌장의 관행과 일치하지 않는 행위로 묘사되었습니다. 이후 법무부는 약혼이 왕위 계승자에게 영향을 미치지 않는다는 결론에 따라 본회의를 소집하지 않겠다고 밝혔다.",mrc-0-003039,추밀원이 영국 군주 앞에서 회의하는 것이 합법이라 주장한 사람은?,추밀원 (캐나다)
787,"{'answer_start': [302], 'text': ['1시간']}","아말감은 수은을 통해 은, 구리, 아연 및 주석의 합금을 형성합니다. 치과용 아말감에서 수은은 아말감 합금과 반응하여 아말감화되었다고 합니다. 수은이 함유된 캡슐과 합금분말이 함유된 캡슐을 따로 준비하고, 밀봉된 수은방울을 캡슐에 넣고 합금분말이 들어있는 캡슐에 유입시켜 혼합한다. 혼합된 재료는 수은과 반응하여 합금을 형성합니다. \n\n아말감 반응은 재료가 혼합되는 즉시 시작되어 구강치아 수복 작업 후 몇 분 이내에 강도와 경도가 증가하고 그에 따라 반응 정도가 감소합니다.  아말감의 충전 후 수일동안 반응이 계속 되지만, 충전 후 1시간 이내면 충분한 강도를 갖게 된다. 1818년 치과 치료에 처음 도입된 이래 오늘날까지 치과용 충전재로 꾸준히 사용되어 왔습니다. \n\n아말감 수복은 모든 수복치료의 기본이며, 다른 수복재료와 조작상의 차이는 있지만 기본은 아말감 수복물과 크게 다르지 않습니다. 치아를 채우기 위해 사용되는 아말감에서 섭취되는 수은의 양은 일상생활에서 식사나 호흡을 통해 섭취하는 양에 비해 매우 적고, 이미 아말감의 안전성이 충분히 입증되었기 때문에 환자의 안전은 문제가 되지 않습니다.",mrc-0-001201,아말감이 충분한 강도를 띠게 되는 것은 충전 후 얼마 이내인가?,아말감 (치의학)
2687,"{'answer_start': [517], 'text': ['16일']}","후지무라가 발견 초기에 어떻게 반응했는지에 대해서는 다양한 견해가 있습니다. 후지무라는 데일리스포츠 50년사에 보도된 같은 날 연습 후 라커룸(고시엔 구장으로 추정)에서 ""불평이 있으면 현장에 말하지 말라""고 말했다. 신문기자) 하고 그룹으로 가세요."" 둑을 자르면서 말했다는 증언이 있다. 아오키는 자신의 저서에서 ""이런 식으로 말하는 선수는 다음 시즌에 2군에 뽑힐 것""이라는 후지무라의 의견이 나왔을 때 상황의 시정을 요구했던 구단주 노다(Noda)가 이를 거부했다고 신문에 썼다. , ""그 후지무라 감독의 담론은 무엇입니까?"" 가지다. 그러나 후지무라 본인은 1960년대 토론회에서 ""나는 세계에 대한 나의 입장에 대해 아무 말도 하지 않는다""고 말했다. 1956년 11월 16일 요미우리신문도 ""세계가 몇몇 선수들을 격려하고 있다고 생각한다. 나에게는 침묵하는 것이 최선일 것이다."" \n\n노다 오너는 11월 15일 입원한 다나카를 대신해 본사 도쿄 사무소장인 토자와 가즈타카를 팀 대표로 임명했다.  도자와시는 16일 모든 선수들을 고시엔 구장에 모으고 난카이와의 시범 경기 원정 중에 사태를 악화시키지 않도록 자중을 요구했다. 같은 날 도자와시는 아오키에게 사태 해결에 협력해 줄 것을 요청했지만 아오키는 이를 거부해 아오키를 '사건의 이면'으로 치부했다. 11월 22일부터 도자와시는 시범 게임 원정대에 동행해 선수들의 이야기를 경청하고 해결책을 모색하지만 성공하지 못했다. 11월 28일 노다 구단주, 한신 본사 마에다 감독, 도자와 시티 클럽 대표, 시모바야시 전무 4명이 회의를 열고 후지무라, 가네다, 사나다와 차기 시즌 계약을 체결하지 않기로 했다. 4일 구단 사무실에서 발표했다. 한편, 아오키는 전날 다이에이에 합류했다. \n\n가네다와 사나다와 재계약을 하지 않는다는 통보는 양 당사자에게 직접 전화를 걸어 한 것입니다. 가네다는 지난해 말 인터뷰에서 ""시아버지의 죽음으로 언제 물러나야 할까 고민하다 목이 꺾일 수 있어 안심했다. '감사 해요. '조심해'라고 말하고 돌아왔다."" 그러나 사나다에게 이 사실을 알리고 카네다가 울기 시작하자 ""울면 안 된다. 남자답게 끌어안아라""고 말했다. Kaneda는 나중에 인터뷰를 하고 아이디어는 Tigers를 강화하는 것이라고 말했습니다. 이에 배타적 선수들은 ""철저히 해보자""며 태도를 굳히고 단결을 다졌다. 발표 전부터 도자와시는 인터뷰한 선수들에 대해 재계약을 요구했지만 선수들은 응하지 않았다. 발표 후 구단은 재계약을 요구했지만 구단은 출연을 거부했다. 반면 묵묵부답이었던 후지무라는 ""이럴 경우 내년에는 2군을 훈련시켜 페넌트 레이스에 출전하겠다""고 말했다.",mrc-0-004108,도자와시가 아오키를 해고했던 날짜는?,후지무라 배척 사건
1854,"{'answer_start': [712], 'text': ['뮤코펩티드']}","조류과에 속하는 이러한 원핵생물은 대부분 단세포, 군체 및 사상체 다세포체이다. 편모가 없으며 분열 및 포자 방법으로 무성생식한다. 때때로 그들은 물에서 폭발하여 물의 색을 바꿉니다. 유성생식에 대해 전혀 알려져 있지 않다는 점에서 볼 때 남조류는 가장 원시적인 조류군으로 여겨진다. 사실, 현재 알려진 최종 화석 기록에 따르면 가장 오래된 것으로 알려진 화석은 약 35억 년 전으로 박테리아나 남조류와 비슷합니다. 또한 약 19억년 전 지층의 화석은 현존하는 볼락과 매우 흡사하다. 현재 알려진 남조류 식물은 약 150속 2,000종이다. 그들은 바닷물이나 민물에 살고 토양이나 나무 줄기에도 산다. 일반적으로 물이 있는 곳이면 어디든지 살 수 있어 눈밭에 사는 사람도 있고 80℃ 이상의 온천에 사는 사람도 있습니다. 또한 한랭, 온대, 열대지방에 같은 종이 분포하는 경우도 있다. 이들 청녹조류 식물은 모두 다음과 같은 특징을 가지고 있다. \n\n:(1) 핵, 엽록체, 미토콘드리아, 액포와 같은 세포 소기관은 세포 내에서 분화되지 않습니다. \n:(2) 동화성 색소로서 남조류 및 홍조류와 같은 엽록소 a 및 피코빌린 색소가 있습니다. 이 색소는 표면에 부착된 상태로 세포에 흩어져 있거나 틸라코이드라고 하는 편평한 주머니 모양의 구조에 있습니다. \n:(3) 광합성의 결과 체내에 저장된 동화 물질은 녹조 전분입니다. \n:(4) 세포벽을 구성하는 주요 물질은 뮤코펩티드라는 화합물이며, 세포벽 바깥쪽에는 점질물의 층이 있다. \n:(5) 그들은 무성생식만 하며 유성생식에 대해서는 알려진 바가 없습니다. \n:(6) 생식 세포에는 편모가 없으므로 수영을 할 수 없습니다. \n\n청녹조류는 박테리아와 마찬가지로 핵이 없어 '핵생물'이라고 부르기도 하지만 사실 세포에 핵물질인 디옥시리보핵산(DNA)이 있기 때문에 미분화 핵, 즉 원시 핵. 따라서 박테리아와 마찬가지로 원핵생물로 취급됩니다. 또한 남조류와 세균은 모두 분열하여 번식하기 때문에 '분열식물'이라고도 한다. 일반적으로 남조류의 1번 문(phylum 1)은 phylum에 속하며, 남조류는 신체 구조와 번식 방법의 차이로 인해 Croococcus, Kamaesifon, Sorweed 목으로 더 나뉜다.",mrc-0-002828,남조식물의 세포벽을 구성하는 주요 물질은?,남세균
975,"{'answer_start': [114], 'text': ['같은 음절로 결합']}","Automata는 초성, 성성, 자음의 순서에 관계없이 한글을 지능적으로 합성합니다.  모아치기는 문자적으로 키보드 입력을 짧은 시간의 차이 안에 동시에 입력하는 경우를 뜻하며, '동시'에 입력되는 키를 같은 음절로 결합해주는 기능이다. 병합의 반대는 연결입니다. 떡에 대한 설이 있었지만 실제로 발명한 것은 안마태가 처음이라고 한다. 그러나 속기 키보드에서는 이미 초/중/말 문자를 수집하였기 때문에 이 주장은 논란의 여지가 있으며, 속기 키보드의 장점을 일반 키보드에 활용하였다는 점을 고려해야 한다. 떡과 그 자세한 용어는 아직 공식적으로 설정되지 않았습니다. \n\n# 연속(순차입력) : 글자를 음소단위로 입력하여 입력하는 방식을 말합니다. (예시 : 한 = ㅎ + A + ㄴ지지) 풀기라고도 하는데, 풀다라고 하면 혼돈의 여지가 있습니다. 따라서 날개세트 입력장치의 경우 '연결'이라는 용어를 사용한다. \n# 모으기: 입력한 음절의 글자를 모두 같은 음절로 모아주는 기능입니다. 한 획으로 동시에 두드려 음절을 구성하는 모든 키를 입력하는 것을 의미합니다. 안마태연구소는 이를 '동시타격'으로 정의했다. (예: 한=ㅎ/a/b 한번에 지원) 안마태 소리 키보드나 약식 키보드와 같은 키보드 수집용 키보드만 가능하다. \n# 부분 개더링(분할): 함께 입력된 음절의 글자 중 일부를 같은 음절로 모으는 기능입니다. 즉, 하나의 음절이 두 개 이상의 입력으로 분할됩니다. 안마태연구소는 한 음절을 두 음절로 나누는 데에만 '모음'을 정의했다. (예시 : Han = heh/a + ㄴ 지원) 삼벌형 키보드만 가능합니다. \n# 모으기: 입력된 키를 시차에 상관없이 같은 음절로 모으는 기능입니다. 손으로 모은다 치는 의미가 아니라 오토마타가 글자를 모은다는 의미로 많이 쓰입니다. 따라서 이 경우 수집은 잘못된 표현임이 분명합니다. 수집하는 것이 의미가 있을 것입니다.",mrc-1-001502,모아치기에서 여러 키가 같이 입력되면 이들은 어떤 형태로 나타나나?,한글 자판
36,"{'answer_start': [678], 'text': ['노박 조코비치']}","프렌치 오픈의 클레이 코트는 잔디 코트와 거의 반대되는 특성을 가지고 있는데, 공의 속도를 현저히 낮추면서 공이 높게 튀어오르는 특징이 있습니다. 따라서 잔디 코트와 같은 공격적인 플레이보다 안정적인 수비가 우선시되고, 이기는 샷이 쉽게 나오지 않아 경기 시간이 오래 걸리는 경우가 많아 체력이 중요한 변수다. 이러한 특성 때문에 잔디코트 종목인 윔블던, 하드코트 종목인 호주오픈, US오픈 등 여러 개의 그랜드슬램 타이틀을 획득한 선수들이 프랑스오픈에서 단 한 번도 우승한 적이 없는 경우가 많다. . John Newcomb, Arthur Ashe, Jimmy Connors, Boris Becker, Stephan Edbury, Pete Sampras, Martina Hingis, Lindsay Davenport는 호주 오픈, 윔블던, US 오픈에서 한 번 이상 우승했지만 프랑스 오픈에서는 한 번도 우승하지 못했습니다. . \n\n반면, 클레이 코트와 잔디 코트의 상반된 특성으로 인해 일반적으로 프랑스 오픈과 윔블던에서 모두 우승하는 것은 매우 어려운 것으로 간주됩니다.  특히 오픈 시대 이래 프랑스 오픈과 윔블던에서 모두 우승했던 남자 선수는 7명 뿐이었는데, 그들은 양대 대회 우승을 달성한 차례로 각각 로드 레이버, 얀 코데시, 비외른 보리, 안드레 애거시, 라파엘 나달, 로저 페더러, 그리고 노박 조코비치이다.",mrc-1-000060,가장 최근에 윔블던과 프랑스 오픈에서 모두 우승을 거머쥔 남성 선수는?,프랑스 오픈
563,"{'answer_start': [316], 'text': ['결핵']}","원래 합포현에서 '밤구미' 또는 '율구미'라고 불렀는데 율(栗)은 밤나무를 뜻한다. 밤씨를 수확하여 식량을 생산하고 청량산 일대에 심었다는 데서 유래한다. '구미'는 '구시'라는 단어에서 파생되었으며 '구시'는 나무를 의미하며 지역의 굴곡에서 파생됩니다. 그건. 또한 '구미'의 튀어나온 부분이 다리 모양을 하고 있어 '가포'(架浦)라고 불렀다.  입지적으로는 해안선을 따라 취락이 형성된 농업과 어업 및 상업이 공존하는 복합지역으로, 바다와 산림이 조화롭게 이루어진 물 좋고 공기 좋은 자연청정 지역이며, 해방 후 1946년부터는 국립마산병원이 개원하여 대한민국 결핵연구와 치료의 산실이 되어왔는데 이는 맑은 공기와 가포 앞바다의 양질의 오존이 결핵 치료에 최적지이기 때문이다. \n\n마창대교는 2008년 7월 개통되었으며, 마산항 개발사업의 일환으로 구 가포유원지 부지에 새로운 항만 공사가 진행되고 있습니다. 또한 가포와 본동 뒤편의 산지에 대규모 택지개발이 예정되어 있어 가까운 장래에 신도시로 탈바꿈하게 될 지역입니다.",mrc-1-000866,가포 앞바다의 자연이 치료에 도움이 되는 병은?,가포동
2201,"{'answer_start': [30], 'text': ['마르도니우스']}","플라타이아이 전투\n\n이듬해인 기원전 479년 봄, 마르도니우스는 마케도니아의 알렉산드로스 1세를 보내어 그리스와 협정을 맺으려 하였으나 그리스인들은 이를 거부했다. 아테네인들은 다시 한번 도시를 정리하고 바다에서 승리하기 위해 출발했고, 스파르타의 파우사니아스 왕이 지휘하는 50,000명의 그리스 동맹군은 테베 근처의 플라타이아 평원에서 페르시아인들과 싸웠습니다. 전투는 근접전이었지만 스파르타인과 테게아인의 용감함으로 인해 전세는 그리스로 옮겨갔고 마르도니우스는 죽고 페르시아인은 퇴각했습니다. 페르시아가 퇴각하자 마케도니아의 알렉산드로스 1세에게 기습을 당했고 대부분이 소아시아로 건너가지 못하고 사망했다. 한편, 바다 쪽에서도 플라타이아 해전에서 해군은 페르시아 해군을 전멸시켰다. \n\n같은 해 그리스는 반격을 시작했고 아테네 해군이 이끄는 그리스 연합 함대는 에게 해를 건너 소아시아를 침공하여 그리스 도시 국가를 해방했습니다. 그 후 30년 동안 페르시아와 그리스 간에 크고 작은 전투가 벌어졌고, 아테네를 중심으로 새로 형성된 델리안 동맹은 아나톨리아 해안의 이오니아 도시 국가들을 페르시아의 지배에서 해방시키기 위한 공세를 계속했습니다. , 크게 실패했습니다. 집어 들었다",mrc-0-003345,그리스와 협상을 시도한 인물의 이름은?,그리스-페르시아 전쟁
206,"{'answer_start': [908], 'text': ['바그다드']}","1335년 Abu Said Khan이 사망한 후 Khan으로 승격된 사람은 Arpa Kheun이었습니다. 그러나 1년도 채 되지 않아 Arfa Keun은 바그다드의 Ali Padsha에게 살해당했습니다. 이후 한국은 급속도로 붕괴되어 이름만 남았습니다. Arpa Kheun이 죽자 Hassan Buzrug는 Muhammad Khan이라는 유일한 이름을 만들고 Ali Padsha와 그의 Khan인 Musa Khan과 대결했습니다. 1336년 7월, Hassan Buzrug는 마침내 Ali Padsha와 그의 챔피언 Musa Khan을 물리치고 Ali Padsha를 죽였습니다. 알리 파드샤와의 전투에서 승리한 하산 부르주그는 한국의 수도 타브리즈로 진격해 아부 사이드의 미망인 델사드 하툰과 결혼했다. \n\n그러나 동부 페르시아에서 일본 칸이라고 주장하는 Toga Temur는 Hassan Buzrug를 알아보지 못했습니다. 1337년 토가 테무르는 무사 칸의 군대에 합류하여 Hassan Buzrug에게 패배하고 Hassan Buzrug의 영토를 침공했지만 Hassan Buzrug와의 전투에서 패한 후 자신의 영토로 후퇴했습니다. Hassan Buzrug는 그를 저항했던 Musa Khan을 붙잡고 처형했습니다. \n\nHasan Buzrug는 Ali Padsha와 Toga Temur를 물리치고 그의 권력 기반을 공고히 했지만 Chupan Jo의 라이벌인 Hassan Kushk는 남아 있었습니다. 1338년에 Hassan Kushk와 Hassan Buzrug 사이에 전투가 발생하여 Hassan Buzrug가 패배하고 그의 지도자 Muhammad Khan이 살해되었습니다.  그로부터 2년 뒤인 1340년, 하산 부즈루그는 새로운 칸인 자한 테무르를 내세워 하산 쿠첵과 다시 한 번 격돌하지만 또 다시 패배하여 바그다드로 쫓겨나게 되었다. \n\n1343년 추판 왕조의 Hassan Kushk가 암살된 후 Hassan Kushk의 형제인 Marek Asraf는 여러 경쟁자를 물리치고 권력을 잡았습니다. 새로 집권한 마렉 아스랍은 1347년 자이르 왕조를 공격하기 위해 군대를 바그다드로 보냈다. Hassan Buzrug는 이 전투에서 승리했고 Chupan 왕조에 큰 타격을 입혔습니다. 추판왕조의 세력은 이 전투 이후 크게 약화되었다. 추판왕조는 1357년 조선의 킵착(Kipchak) 공격으로 멸망했다. \n\nHasan Buzrug는 1356년에 사망했고 그의 아들 Wuweis I는 그가 죽은 직후 왕위를 계승했습니다.",mrc-0-000310,하산 쿠첵과의 싸움에서 진 하산 부즈루그가 결국 쫓겨간 곳은?,하산 부즈루그
1693,"{'answer_start': [248], 'text': ['앙투안 라부아지에']}","질량보존의 법칙(質量保存法則)은 닫힌 계의 질량은 상태 변화에 관계없이 일정하다는 것이다. 물질은 갑자기 나타나거나 사라지는 것이 아니라 형태가 바뀌고 존재할 뿐입니다. 즉, 닫힌 계에서의 화학 반응에서 (반응물의 질량) = (생성물의 질량) 공식이 충족됩니다. 질량보존의 법칙은 비상대론적 법칙인데, 상대성 이론을 생각해보면 상황이 조금 복잡해집니다. 상대성이론을 생각해도 에너지 보존 법칙은 성립한다. \n\n이 법칙은 근대 화학의 아버지 앙투안 라부아지에가 최초로 정식화하였다. 그러나 Mikhail Lomonosov와 다른 사람들이 이전에 언급했습니다. \n\n그러나 아인슈타인의 특수 상대성 이론에 따르면 질량도 에너지로 변환될 수 있습니다. \n\n♣ 질량/물질 보존 예외\n\n1. 물질은 완벽하게 보존되지 않습니다. \n\n물질 보존의 법칙은 특수 상대성 이론이나 양자 역학을 고려하지 않은 고전 이론에서만 참인 대략적인 물리 법칙으로 생각할 수 있습니다. 특정 높은 에너지 활용을 제외하고는 거의 사실입니다. 보존 개념의 특별한 어려움은 '물질'이 잘 정의된 과학 용어가 아니라는 점입니다. 그리고 물질을 '물질'로 생각할 때(예: 전자 또는 양전자) 등은 손실되어 광자를 생성합니다. (광자는 종종 물질로 생각되지 않습니다) 그러면 물질의 보존은 고립된 시스템에서도 사실이 아닙니다. 그러나 물질 보존은 방사능 및 핵 반응을 포함하지 않는 화학 반응에서 안전하게 추정할 수 있습니다. 물질이 보존되지 않더라도 계의 질량과 에너지의 합은 보존됩니다. \n\n2. 개방형 시스템 및 열역학적으로 폐쇄된 시스템\n\n또한 개방형 시스템에서는 일반적으로 질량이 보존되지 않습니다. 이것의 예는 다양한 유형의 에너지가 시스템 내부 또는 외부로 투입될 수 있는 경우입니다. 그러나 방사능과 핵반응을 포함하지 않는다면 계에서 빠져나가는 열, 일, 전자기파는 실제로 계의 질량 감소로 측정하기에는 너무 작다. 고립된 시스템(질량과 에너지가 모두 닫힌 시스템)에서 질량 보존 법칙은 모든 관성 시스템의 현대 물리학에서 계속 적용됩니다. 그 이유는 상대성 방정식이 광자와 같은 '질량이 없는' 입자도 고립된 시스템에 질량과 에너지를 추가한다는 것을 보여주기 때문입니다. 그것은 에너지가 빠져나가지 않는 시스템의 과정에서 질량(중요하지는 않지만)이 엄격하게 보존되도록 합니다. 상대성 이론에서 다른 관찰자는 주어진 시스템에서 특정 보존 값에 동의하지 않을 수 있습니다. 그러나 개별 관찰자는 이 값이 시간이 지나도 변하지 않는다는 데 동의합니다. (시스템이 모든 것에 격리된 경우)\n\n3. 일반 상대성 이론\n\n일반 상대성 이론에 따르면 부피가 팽창하는 우주에서 변화하지 않는 광자의 총 질량은 적색 편이로 인해 감소합니다. 따라서 질량과 에너지의 보존은 이론상 에너지에 대한 다양한 수정에 달려 있습니다. 이것은 그러한 시스템의 다양한 중력 위치 에너지 때문입니다.",mrc-0-002590,상대성 이론을 전제로 할 때에도 성립하는 법칙을 정의로 규정한 사람은 누구인가?,질량 보존 법칙
1162,"{'answer_start': [303], 'text': ['시구 번역']}","다른 언어로 노래할 목적으로 가사를 번역하는 것을 노래 번역이라고 합니다. 노래 번역은 주로 음성이 있는 음악으로 구성된 노래를 다루기 때문에 시 번역과 밀접한 관련이 있으며, 운율, 운율 등 다양한 운율도 고려해야 합니다. 19세기부터 산문과 자유 운문 구조는 일부 예술 음악 장르에서 다루어졌지만 대중 음악에서는 운(연)을 유지하는 데 상당히 보수적이었습니다. 시를 노래로 번역하는 가장 기본적인 예는 찬송가입니다. 독일어 합창 합창을 영어로 번역한 주요 번역가는 Catherine Winkworth입니다.  \n\n노랫말의 번역은 대개 시구 번역보다 훨씬 제약이 많다. 형식의 자유가 거의 없거나 전혀 없어 다양한 번역을 만드는 것이 불가능하고, 운문 구조에서 다른 여지를 찾기 어렵기 때문이다. 번역 과정에서 운을 생략하거나 수정할 수 있지만 번역가는 각 음절의 번역이 특정 음표를 나타내는 음조를 따르도록 하기 위해 많은 노력을 기울여야 합니다. 산문처럼 긴 가사의 경우 운문처럼 짧은 가사보다는 음소에 맞게 음절을 떼거나 나눌 수 있기 때문에 어렵지 않다. 엄밀히 말하면 그 구절의 번역에 해당하는 가사를 번역하는 과정에서 그러한 사실을 인정하더라도, 곡의 음절에 따라 연주해야 하는 곡의 특성상 많은 제약이 따른다. 최대한 노래. \n\n기타 고려사항으로는 가사를 번역할 때 단어와 구를 반복하거나 나머지 부분을 대체하거나 구두점과 자음을 사용하여 고음을 맞추는 것 등이 있습니다. 이 외에도 리듬에 맞춰 사용할 때 대상 언어로 부를 때 보다 매끄럽고 자연스럽게 적용될 수 있는 자음을 선택하는 것도 이 작업의 일부입니다. 가사 번역은 원본 버전과 상당히 완전히 다를 수 있습니다. 예를 들어, 영어 노래를 한국어로 번역할 때 ㄹ이나 ㄴ과 같이 비음을 유발하는 음절이 계속되거나 발음이 뒤틀린 경우에는 가사가 간결하게 전달될 수 있도록 비슷한 의미의 다른 단어를 취하거나 대체합니다. 도움말도 포함될 수 있습니다. \n\n가사의 번역은 노래를 부르거나 다소 문학적인 형식으로 할 수 있지만 청중, 가수 또는 지휘자를 배려할 목적으로도 고려됩니다. 그 때 잘 모르는 언어로 설명되어 있습니다. 대부분의 경우 번역은 번역되고 프로젝터로 시청되는 오페라의 자막 또는 대화에 해당합니다. 이는 콘서트 프로그래밍 및 상업용 오디오 CD-ROM에도 적용됩니다. 또한, 전문 가수와 아마추어 가수가 익숙하지 않은 언어로 노래할 때 의미를 이해하도록 돕기 위해 노래를 부르거나 번역을 사용하는 것을 종종 볼 수 있습니다.",mrc-1-001778,상대적으로 노랫말 번역보다 자유로운 번역은?,번역
1654,"{'answer_start': [220], 'text': ['소염기']}","AMP-69는 AMD-65의 개선된 버전입니다. AK 시리즈는 총구 소화기 문제로 권총 수류탄을 직접 부착할 수 없었다. 미국산 M203 유탄발사기와 달리 총신 밑에 장착하는 유탄발사기가 아니라 총구에 어댑터를 부착해 발사하는 유탄발사기다. AK 시리즈에서 총류탄을 사용하기 위해서는 기존 소화기를 탈거하고 전용 어댑터를 부착해야 했다.  헝가리 특수부대에서 이 운용방식이 불편하다고 생각하여 소염기 자체가 어댑터 역할을 할 수 있는 소총의 개발을 요구했고, AMP-69가 그 결과물이다. \n\nAMP-69의 핸드가드가 두꺼운 플라스틱 재질로 변경되었으며, 난연제 역시 가늘고 긴 형태로 변경되었습니다. 소화기를 제거하고 총수류탄 전용 어댑터를 부착하지 않고 소화기 자체에 총류탄을 삽입할 수 있도록 개선된 버전입니다. AMP-69의 소화기는 얇은 철판으로 둘러싸여 있으며, 총을 쏠 때 포탄 구멍이 노출되고, 총탄이 부착될 때 포탄이 몸체를 감싸 구멍을 막는다. 이를 통해 폭발성 가스는 탈출하지 않고 수류탄을 밀어내는 데 집중할 수 있었습니다. 이 외에도 가스 포트에는 수류탄이 발사될 때 가스가 볼트를 후퇴시키는 것을 방지하는 밸브가 장착되어 있습니다. 이것은 또한 수류탄을 밀어낼 추력을 확보하기 위해 수류탄에 힘을 집중했습니다. M-14와 K-2 소총도 마찬가지입니다.",mrc-0-002533,AMP-69에서 어댑터로 작동되는 부품은?,AMD-65
543,"{'answer_start': [800], 'text': ['헨리 헤스']}","핸콕은 전쟁의 나머지 기간 동안 게티스버그 부상의 영향을 받았습니다. 노리스타운에서 회복한 후, 그는 겨울에 모집 서비스를 수행했고 1864년 봄에는 Ulysses S. 그랜트 중장은 오버랜드 순환을 위해 2군단 전장의 사령관으로 복귀했지만 완전한 기동성과 이전의 젊음의 활력을 되찾지 못했습니다. 그럼에도 불구하고 그는 Spokylvania의 Battle of Court House에서 ""Blood Corner""에서 Mulsch의 치명적인 돌파 공격을 지휘하여 Stonewall Jackson의 남부 사단에 피해를 입힌 The Battle of the Wilderness에서 좋은 활약을 펼쳤습니다. 그의 군단은 콜드 하버에서 그랜트가 명령한 무익한 공격 동안 큰 손실을 입었습니다. \n\n그랜트의 군대가 제임스 강을 건널 때 Lee의 군대를 지나쳤을 때 Hancock은 자신이 전쟁을 끝낼 수 있는 위치에 있음을 깨달았습니다. 그의 군단은 약한 피츠버그 방어에 대한 스미스 장군의 공격을 지원하기 위해 도착했지만 그는 스미스의 전장이 하루 종일 전장에 있다는 것을 알고 남부군 라인이 강화되기 전에 중요한 공격이 없었으므로 스미스의 공격을 받았습니다. 아이디어는 연기되었습니다. 전쟁의 위대한 기회 중 하나를 잃었습니다. 딥바텀 공격에 그의 군단이 참여한 후, 핸콕은 1864년 8월 13일부터 정규군에서 준장으로 진급했다. \n\nHancock의 유일한 중대한 패배는 Petersburg 포위 공격 중에 발생했습니다. 그의 II 군단은 웰던 철도를 따라 도시의 남쪽으로 이동하여 통로를 파괴했습니다.  8월 25일 남군의 헨리 헤스 중장이 림스역에서 잘못된 북군의 위치를 공격하여 넘어 제2군단을 손상시켜 많은 포로들을 사로 잡았다. 해처에서의 연속적인 승리에도 불구하고, 림스의 굴욕과 게티스버그 부상의 여운은 11월에 야전사령관을 포기하기로 한 그의 결정에 기여했습니다. 그는 40,000명 이상의 사상자를 낸 후 1년 후 제2군단을 떠났지만 상당한 군사적 승리를 거두었다. 그의 첫 번째 임무는 의식있는 재향 군인 1 소대를 이끄는 것이 었습니다. 그는 추가 모집을 수행하고 중앙 위치를 차지했으며 현재 조용한 Shenandoah Valley에서 군대를 지휘하는 Philip Sheridan 중장을 대신했습니다. 1865년 3월 13일 유요한은 스포킬베니아에서 복무한 공로로 정규군 중장으로 진급했다.",mrc-0-000816,림스역에서 북군을 공격한 남군의 장군은?,윈필드 스콧 핸콕
601,"{'answer_start': [361], 'text': ['541m']}","붉은 광장은 원래 모스크바와 네그리나야 강의 합류 지점에서 멀지 않은 곳에 위치했으며 이 부분은 크렘린의 방어에 취약한 것으로 여겨졌습니다. 강이나 다른 자연물에 의해 보호되지 않았고 특별한 방어 시설도 없었습니다. 이러한 이유로 이 섹션의 벽은 크렘린의 모든 섹션 중에서 가장 높고 두꺼우며 이 벽 건설에 참여한 이탈리아 건축가의 조언에 따라 이반 4세는 벽 주변의 모든 건물을 철거했습니다. 1493년에 공포된 법령에 따르면 성벽에서 234m 이내의 모든 건물은 철거되어 소각되었습니다. \n\n1508년부터 1516년까지 건축가들은 크렘린의 동쪽 벽 아래 모스크바와 네그리나야 강을 연결하는 거대한 해자를 파기로 결정했습니다.  이 해자는 541m의 길이를 갖고 있고, 그 너비는 36m이고, 9. 수심은 5~13m이다. 해자는 석회암으로 마감되어 있습니다. 1533년에 안전을 위해 해자 양쪽에 벽돌 벽을 쌓았습니다. 이 성벽에는 3개의 문이 뚫렸고 나머지 2개는 붉은 광장 반대편에 열렸습니다. 19세기 초에 성문 중 하나가 벽돌로 아름답게 장식되었지만 여전히 '스파스키문'이 궁전의 공식 정문으로 사용되었습니다. Spasky Gate 앞의 해자 위에는 돌다리가 있었는데 그 위에는 책을 파는 노점상들이 서 있었다. 이 일대를 중심으로 총을 파는 건물들이 있었고 그 건물들 중에는 유명한 황제의 대포도 있었다. \n\n동서로 길게, 남쪽으로 대통령 관저, 블라디미르 레닌 미라가 안치되어 있는 레닌 묘소, 북쪽으로 국립 백화점 GUM, 서쪽으로 국립 역사 박물관, 러시아 정교회 대성당 성. 자리가 있습니다.",mrc-1-000923,크렘린의 동쪽 벽 아래에 있는 해자의 길이는?,붉은 광장
933,"{'answer_start': [236], 'text': ['정교회']}","이바라키현 미토시의 부유한 가정에서 태어나 이시가미무라(현 토카이무라)에서 자랐다. 그의 아버지인 도키노스케는 미토에서 사업을 하고 있었지만 네모토가 태어나자 할아버지의 사업을 이어받기 위해 이시가미 촌으로 이사했습니다. 이시가미 촌장이 되고 이웃 무라마쓰 촌과 합병하여 2년 동안 촌장이 된 후 일본 원자력 연구소를 유치하기로 결정했습니다.  네모토는 할아버지로부터 ""언젠가 네모토 가를 지탱할 인물""이라는 말을 들으며 정교회의 유아 세례를 받았다. 또한 할아버지는 배움을 좋아해서 네모토도 공부하게 했고, 미래를 생각하며 이시가미촌의 초등학교에서 미토시의 산노마루 초등학교로 전학했다. 이때 젊은 변호사가 교사로 소개되면서 네모토가 야구와 인연을 맺게 된 계기가 됐다. 변호사가 야구를 너무 좋아해서 성터에서 캐치볼을 하고 네모토에게 중등 야구와 도쿄 6 대학 야구에 대해 이야기했습니다. 또한 집에 돌아온 네모토는 당시 지역에서는 보기 드문 콘크리트 2층집 벽에 공을 치는 등 혼자서 야구를 즐겼다. 이를 통해 병약했던 네모토는 강인한 청년이 되었다. 지역 이바라키 중학교에 다녔지만 퇴학 후 니혼대학 3중학교(현 니혼대학 3고교)로 옮겨 그곳에서 후지타 쇼조 선생님을 만나 세키네에게 지도를 받았다. 종전 후 니혼대학 학원에서 야구를 재개해 타미야 겐지로와 함께 포대를 결성해 토토대학 야구리그에서 1위 타자를 휩쓸었다. 이때 일시적으로 릿쿄대학에 '연루'된 사실이 밝혀져 출장이 중단됐다. 이 '들어가다'가 릿쿄에 들어와서 뛰었다는 뜻인지, 아니면 단순히 야구단에서 뽑힌 것인지는 알 수 없다. 이 징계 기간 동안 그는 모교인 Nitaisan을 감독했습니다. 그 후 호세이의 매니저를 맡게 된 후지타에게 인수되어 호세이대학으로 옮겼다(이 대학들 사이의 편입은 종전 직후라 ​​악용한 것인지, 아니면 후지타 부모님의 마음으로 리그에 진출하게 되었고, 세키네와 함께 다시 한번 배터리가 눌렸다. 강경학생으로 일하면서 안도 노보루를 알게 된 것도 이 무렵이었다. 그 후 일본 콜롬비아에서 비즈니스 팀인 Kawasaki Colombia에서 근무한 후 1952년 Kintetsu에 입사했습니다. \n\n1957년 현역을 은퇴한 후, 1962년부터 1966년까지 긴테츠의 감독을 맡아 베토 가오루와 함께 '18세 4타수' 도이 마사히로를 키웠다.",mrc-1-001433,네모토 가족의 종교는?,네모토 리쿠오
1911,"{'answer_start': [364], 'text': ['1960년']}","1799년 워싱턴이 사망한 후 농장 소유권은 유산을 유지할 의지나 의미가 없는 일련의 후손들에게 넘어갔습니다. 재산을 복원하려는 시도가 5년 동안 실패로 돌아간 후, 존 어거스틴 워싱턴은 1848년에 그것을 매각할 것을 제안했습니다. 버지니아와 미국 정부는 저택과 부동산 구입을 거부했습니다. \n\n1860년, Anne Pamela Cunningham의 지도 하에 Mountain Vernon Women's Guild Association은 저택과 토지 일부를 $200,000에 구입하여 절망과 방치 상태에서 구해냈습니다. 영지는 남북 전쟁 동안 한 지방에 대한 격렬한 전투에도 불구하고 양측 모두에게 중립적인 땅 역할을 했습니다.  마운트 버넌은 1960년 12월 19일 미국 국립역사기념물로 지정되었고, 후에 행정적으로 미국 국립사적지에 명부에 올려졌다. \n\n저택은 주 또는 연방 기금을 받지 않고 협회에 의해 복원되었으며 시대의 가구와 비품으로 완성되어 오늘날 인기 있는 관광지가 되었습니다. 이 부동산은 뛰어난 조경 및 보조 건물로도 유명합니다. \n\n == 고고학적 발견 ==\n버넌 산에는 여러 건축적 숙박 시설이 있었으며, 12피트 x 14피트 크기로 발견된 운반선 오두막에 특별한 의미가 있습니다. 대부분은 1802년부터 1829년 사망할 때까지 이 부동산을 소유한 워싱턴의 조카 부시로드 워싱턴이 지은 부동산에 추가된 것으로 보입니다. 전통적인 벽돌 건물 대신에 오두막은 점토나 흙으로 지었습니다. 점토 벽이 특징인 점토 건물은 때때로 모래로 보강되었습니다. Mount Vernon의 다른 점토 건물에는 헛간, 온실, 빙고 및 가축 사료 보일러 및 사암으로 만든 기초가 있으며 점토로 만든 노예 정착지에 대한 실험도 발굴되었습니다. \n\n산장 자체의 날짜가 부족하기 때문에 증거에 따르면 사암 기초는 1812년에 지어진 실제 물건이며 조지 워싱턴 시대로 돌아가지 않습니다. 또한, 남쪽 오두막 외부에서 발견된 토양에는 수년에 걸쳐 서문에서의 생활과 그 집에 거주한 사람들에 대한 정보를 제공할 수 있는 19세기 증거가 있습니다.",mrc-0-002910,마운트 버넌이 미국의 국립역사기념물로 선정된 해는 언제인가요?,마운트 버넌
1127,"{'answer_start': [334], 'text': ['유영복']}","북부 베트남에 대한 프랑스의 개입은 1881년 말 앙리 리비에르(Henri Rivière) 사령관에 의해 촉진되었으며, 그는 프랑스 상인의 활동에 대한 베트남의 불만을 조사하기 위해 소규모 프랑스 군대와 함께 하노이로 파견되었습니다. 1882년 4월 25일 리비에르는 상관의 명령을 어기고 하노이 성채를 습격했다. 리비에르는 나중에 성채를 베트남 손에 반환했지만 무력을 사용하려는 그의 의지가 베트남과 청 왕조 모두에게 충격을 주었습니다. \n\n군대가 무너지고 있는 베트남 법원은 리비에르에게 버틸 수 없었습니다.  그래서 프랑스군에게 골칫거리를 안겨주었던 잘 훈련되고, 노련한 흑기군을 이끄는 유영복의 도움을 받았다. 베트남은 오래전부터 청나라의 신하였으며, 청나라가 원래 토벌의 대상이었던 흑기군을 무장 지원하고 통킹에서 프랑스군의 작전을 은밀히 반대하기로 합의했다. 청나라 법원은 또한 통킹이 프랑스의 통제를 잃을 것이라는 강력한 신호를 프랑스에 보냈다. 1882년 여름, 청나라 운남군과 광시군은 국경을 넘어 통킹으로 들어가 랑선(Lang Son), 박닌(Bac Ninh), 훙화(Hung Hoa) 및 기타 도시를 점령했습니다. 1882년 11월과 12월에 중국 주재 프랑스 대사 프레데릭 부레는 청나라의 리홍장과 협상하여 통킹을 프랑스와 청의 영향권으로 나누었습니다. 두 협상가 모두 너무 많은 양보를 했다는 비난을 받았고 곧 계약이 파기되었습니다. 청나라에서는 비준되지 않았고, 프랑스에서는 쥘 페리 행정부가 1883년 3월 협정을 거부하고 부레를 불러들였다.",mrc-1-001722,군사력이 열세한 베트남에게 도움을 준 인물은?,남딘 점령
3228,"{'answer_start': [798], 'text': ['91명']}","나치가 집권한 지 얼마 되지 않아 그들은 대규모로 유대인을 억압하기 시작했습니다. 스톰트루퍼는 유대인 기업과 회당을 무차별적으로 공격했고 1933년 4월 1일 히틀러는 모든 유대인 기업에 대한 직접적인 보이콧을 명령하여 유대인 경제 활동에 치명적인 타격을 입혔습니다. 4월 7일 통과된 공무원법에 따르면 아리아인이 아닌 모든 공무원은 강제로 퇴직했으며 곧 유대인들도 교수, 교사, 공무원이 될 수 있는 권리를 박탈당했다. 4월 11일에 이 제한은 더욱 확대되었고, 3대 이내에 유대인 혈통의 가족 구성원 중 적어도 한 명이 있으면 그는 불결한 아리아인으로 간주된다는 법률이 발효되었습니다. 학생들은 아리아인이 쓰지 않은 것으로 여겨지는 모든 책을 도서관에서 제거하고 5월 10일에 대대적으로 불태웠습니다. \n\n나치 정권은 폭력과 경제적 압박을 동시에 가하여 유대인들이 자발적으로 독일을 떠나도록 강요했습니다. 유대인 기업은 시장에 진입할 수 없었고 광고는 불법이 되었으며 정부 간의 접촉이 제한되었습니다. 유대인 시민들은 항상 두려움 속에 살았고, 항상 폭력의 위협에 노출되어 있습니다. 독일 시민들도 이 반유대주의 정책에 열성적으로 참여했고, 많은 마을 입구에는 유대인의 출입을 금지하는 표지판이 붙어 있었다. \n\n1938년, 한 젊은 유대인 남성이 파리 주재 독일 대사와의 인터뷰를 요청하고 가족에 대한 부당한 대우에 항의하기 위해 당 간부를 쏘아 살해했습니다. 나치는 이 사건을 널리 알렸고, 돌격대원들은 회당을 점거하고 파괴했으며, 유대인의 재산을 강제로 몰수하고 국고에 돌려주었다.  이 사건으로 인하여 최소 91명에 달하는 유대인들이 목숨을 잃었으며, 유대인의 가게 유리창이 깨져 수정처럼 길바닥에서 빛났다고 하여 이 사건을 ‘수정의 밤’이라고 부른다. 1939년까지 독일에 거주한 437,000명의 유태인 중 약 250,000명이 미국, 아르헨티나, 영국, 팔레스타인으로 도피했습니다. 그러나 상당수의 유태인들은 여전히 ​​유럽대륙에 들어가고 싶어했는데, 이는 그들이 유럽대륙 밖의 다른 나라로 이주할 때 그들의 모든 재산이 몰수되고 홀로 이주해야 했기 때문입니다.",mrc-0-004967,수정의 밤'사건으로 사망한 유대인들은 최소 몇 명인가요?,나치 독일
2529,"{'answer_start': [103], 'text': ['나무']}","전라남도 무안군 몽탄면 달산리 목우암에 있는 U자형의 전당에 모셔져 있는 삼존불로, 본존은 관음보살과 대사지로 아미타불임을 알 수 있다. 보살은 양쪽에 나란히 서 있습니다.  삼존불은 나무로 만들었으며 보존 상태는 비교적 양호한 편이다. \n\n본존불은 호리호리한 타원형 얼굴에 미소를 머금은 온화하고 부드러운 인상입니다. 손은 엄지와 중지를 만지는 형태로 아미타불의 일반적인 손 모양을 표현하고 있다. 양 어깨에 걸쳐 입는 옷은 오른쪽 어깨에서 뒤로 여러 겹의 옷이 달려있고, 배 아래에는 U자 모양의 주름이 표현되어 있고, 그 사이에 속옷의 밑단이 보인다. 앉은 다리의 무릎은 비교적 넓고 어깨에서 내려오는 옷자락은 무릎 중앙에서 겹친다. \n\n양쪽에 있는 관음보살과 대세지 보살은 머리에 수의를 쓰고 화려한 옷으로 장식되어 있습니다. 대세지 보살은 왼손에 상자를 가볍게 들고 있고, 관음보살은 왼팔에 옷자락이 있고, 길게 늘어진 오른손에는 물병을 들고 있다. \n\n이 작품은 조선 후기에 제작된 것으로 추정되는 이 작품은 U자 모양의 옷 주름, 연꽃 모양의 속옷 자락, 타원- 부드러운 미소를 지닌 얼굴형. 아미타본존불에서 관음보살과 대사지 보살의 독특한 본보기를 보여주는 귀중한 자료이다.",mrc-0-003854,삼존불의 재질은?,무안 목우암 삼존불
2268,"{'answer_start': [602], 'text': ['총장']}","최순자(1952년 12월 24일 ~ )는 인천 인하대학교 화학공학과를 졸업하고 강화 심도중학교, 부천공업고등학교에서 교사로 재직했으며, 대학교에서 석·박사 학위를 받았다. 미국 남부 캘리포니아의. 인하대학교에서 박사후 연구원을 거쳐 인하대학교 화학공학과 교수가 되었다. 5년간 복무했다. \n\n재임 중 과학기술부 여성과학자상, 아모레퍼시픽 여성과학자상, 과학기술훈장을 받았습니다. 특히 과학기술 분야 여성인력 양성을 위한 활동으로 인하대학교 교수들과 함께 자원봉사로 초·중·고등학생을 대상으로 교육 기부를 하기도 했다. \n\n2015년 인하대학교 총장으로 취임한 후 다양한 정책이 시행되었습니다. 학생 중심의 교육을 위해 교육 서비스를 개선했습니다. 복수전공 등 복수전공 제공, 탄력적 편입 등 학업 프로그램 제공, 학업 취약계층 특수교육, 수준 높은 교육 제공을 위한 다양한 제도 개선, 차 없는 거리 시행 . 또한 교수의 성과평가를 인상하고 교수의 교내연구비를 인상하고 우수교수를 특별 승진시키고 교수의 급여제도를 시행하였다. \n\n재임 기간 동안 인하대학교는 중앙일보 대학평가(대학)에서 2014년 14위에서 2017년 8위로 상승했습니다.  그러나 학내에서는 최 총장이 중앙일보 대학평가의 순위 향상에만 열중하느라 정작 중요한 학생들의 교육환경은 퇴보하였다며 구성원들의 반발이 현재까지 크다. \n\n재임 기간 동안 최 회장은 일방적인 의사결정으로 인해 학교 구성원들과 자주 갈등을 겪었다. 대표적인 예가 2015년 인문대학 통합과 폐지의 물결이다. 최 총장은 당시 문과대학 학장에게 문과대학의 9개 학과 중 문화콘텐츠문화경영학과를 분리하고 나머지 7개 학과 중 3개 학과를 제외한 모든 학과를 통합·폐지할 것을 권고했다. 학과, 국어국문학과, 역사학과, 중어문화학과. 일방적으로 통보했다. 그 결과 문과대학 학생과 교수들은 조합원들의 반대에 부딪히고 여러 차례 회의를 가졌으나, 최 회장의 일방적이고 위압적인 태도로 인해 조합원들의 반대는 더욱 거세졌다. 하러 왔다 결론적으로 최 총장은 성명을 통해 지침을 철회하겠다고 밝혔으나 성명서에는 학생에 대한 사과는 포함되지 않은 것으로 밝혀 문제가 해결됐다. 이 외에도 4월 졸업식을 일방적으로 진행하는 등 교원의 70% 이상이 반대하는 등 소통과 의사결정에 있어 교직원들과 마찰이 많아 평판이 좋지 않다. 캠퍼스에서 별로 좋지 않다.",mrc-0-003456,학생들이 공부하는 환경을 신경쓰지 못해 비난을 받은 인물의 직위는?,최순자
